INFO:     Will watch for changes in these directories: ['E:\\Work\\PhenikaaX\\Placeholder-Word\\backend']
INFO:     Uvicorn running on http://127.0.0.1:8000 (Press CTRL+C to quit)
INFO:     Started reloader process [20860] using WatchFiles
INFO:     Started server process [20856]
INFO:     Waiting for application startup.
INFO:     Application startup complete.
✓ Directory ensured: E:\Work\PhenikaaX\Placeholder-Word\backend\uploads
✓ Directory ensured: E:\Work\PhenikaaX\Placeholder-Word\backend\uploads\templates
✓ Directory ensured: E:\Work\PhenikaaX\Placeholder-Word\backend\uploads\results
✓ Directory ensured: E:\Work\PhenikaaX\Placeholder-Word\backend\uploads\images
✓ Directory ensured: E:\Work\PhenikaaX\Placeholder-Word\backend\uploads
✓ Directory ensured: E:\Work\PhenikaaX\Placeholder-Word\backend\uploads\templates
✓ Directory ensured: E:\Work\PhenikaaX\Placeholder-Word\backend\uploads\results
✓ Directory ensured: E:\Work\PhenikaaX\Placeholder-Word\backend\uploads\images
✓ Application started. Uploads directory: E:\Work\PhenikaaX\Placeholder-Word\backend\uploads
✓ Templates directory: E:\Work\PhenikaaX\Placeholder-Word\backend\uploads\templates
✓ Results directory: E:\Work\PhenikaaX\Placeholder-Word\backend\uploads\results
INFO:     127.0.0.1:49182 - "GET /health HTTP/1.1" 200 OK
✓ Directory ensured: E:\Work\PhenikaaX\Placeholder-Word\backend\uploads
✓ Directory ensured: E:\Work\PhenikaaX\Placeholder-Word\backend\uploads\templates
✓ Directory ensured: E:\Work\PhenikaaX\Placeholder-Word\backend\uploads\results
✓ Directory ensured: E:\Work\PhenikaaX\Placeholder-Word\backend\uploads\images
=== STEP 1: Creating basic placeholders ===
Đang phân tích tài liệu...
Chuyển đổi hoàn tất! File đã lưu tại: E:\Work\PhenikaaX\Placeholder-Word\backend\uploads\templates\e2be141c-5a13-44d4-9dd4-44c5e49486cf.docx
Basic fields created: ['22_ngay_thang', 'nam', 'toa_an_nhan_dan', 'nguoi_khoi_kien', 'dia_chi', 'so_dien_thoai', 'so_fax', 'chi_thu_dien_tu', 'nguoi_bi_kien', 'dia_chi_2', 'so_dien_thoai_2', 'so_fax_2', 'chi_thu_dien_tu_2', 'toa_an_nhan_dan_2', 'quan_he_hon_nhan', 'duoc_ly_hon_voi', '2_ve_con_chung', '3_ve_tai_san', '3_ve_tai_san_2', '4_ve_no_chung', 'cac_yeu_cau_khac', 'cac_yeu_cau_khac_2', 'cap_duong_nuoi_con']
=== GENERATING HTML PREVIEW ===
[DEBUG] Document has 1 tables total
[DEBUG] Document has 6 relationships
[DEBUG] Document has 1 images
[DEBUG] Child #1: PARAGRAPH #1
[DEBUG] Child #2: PARAGRAPH #2
[DEBUG] Child #3: PARAGRAPH #3
[DEBUG] Child #4: PARAGRAPH #4
[DEBUG] Child #5: PARAGRAPH #5
[DEBUG] Child #6: PARAGRAPH #6
[DEBUG] Child #7: PARAGRAPH #7
[DEBUG] Child #8: PARAGRAPH #8
[DEBUG] Child #9: PARAGRAPH #9
[DEBUG] Child #10: PARAGRAPH #10
[DEBUG] Child #11: PARAGRAPH #11
[DEBUG] Child #12: PARAGRAPH #12
[DEBUG] Child #13: PARAGRAPH #13
[DEBUG] Child #14: PARAGRAPH #14
[DEBUG] Child #15: PARAGRAPH #15
[DEBUG] Child #16: PARAGRAPH #16
[DEBUG] Child #17: PARAGRAPH #17
[DEBUG] Child #18: PARAGRAPH #18
[DEBUG] Child #19: PARAGRAPH #19
[DEBUG] Child #20: PARAGRAPH #20
[DEBUG] Child #21: PARAGRAPH #21
[DEBUG] Child #22: PARAGRAPH #22
[DEBUG] Child #23: PARAGRAPH #23
[DEBUG] Child #24: PARAGRAPH #24
[DEBUG] Child #25: PARAGRAPH #25
[DEBUG] Child #26: PARAGRAPH #26
[DEBUG] Child #27: PARAGRAPH #27
[DEBUG] Child #28: PARAGRAPH #28
[DEBUG] Child #29: PARAGRAPH #29
[DEBUG] Child #30: PARAGRAPH #30
[DEBUG] Child #31: PARAGRAPH #31
[DEBUG] Child #32: PARAGRAPH #32
[DEBUG] Child #33: PARAGRAPH #33
[DEBUG] Child #34: PARAGRAPH #34
[DEBUG] Child #35: TABLE #1 (type: CT_Tbl)
[DEBUG] Child #36: PARAGRAPH #35
[DEBUG] Child #37: PARAGRAPH #36
[DEBUG] Child #38: PARAGRAPH #37
[DEBUG] Child #39: PARAGRAPH #38
[DEBUG] Child #40: PARAGRAPH #39
[DEBUG] Child #41: PARAGRAPH #40
[DEBUG] Child #42: PARAGRAPH #41
[DEBUG] Child #43: PARAGRAPH #42
[DEBUG] Child #44: PARAGRAPH #43
[DEBUG] Child #45: PARAGRAPH #44
[DEBUG] Child #46: PARAGRAPH #45
[DEBUG] Child #47: PARAGRAPH #46
[DEBUG] Child #48: PARAGRAPH #47
[DEBUG] Child #49: UNKNOWN TYPE (type: CT_SectPr, isinstance CT_Tbl: False, isinstance CT_P: False)
[DEBUG] Total children: 49 (tables: 1, paras: 47)
[HTML Preview] Block 0: CỘNG HÒA XÃ HỘI CHỦ NGHĨA VIỆT NAM...
[DEBUG] Paragraph #1 has 1 drawing(s)
[HTML Preview] Block 1: Độc lập - Tự do - Hạnh phúc...
[HTML Preview] Block 2: 22, ngày  tháng «22_ngay_thang» năm«nam»...
[HTML Preview] Block 3: EMPTY LINE (selectable)
[HTML Preview] Block 4: ĐƠN XIN LY HÔN...
[HTML Preview] Block 5: EMPTY LINE (selectable)
[HTML Preview] Block 6: Kính gửi:  TÒA ÁN NHÂN DÂN «toa_an_nhan_dan»...
[HTML Preview] Block 7: Người khởi kiện:«nguoi_khoi_kien»...
[HTML Preview] Block 8: Địa chỉ:«dia_chi»...
[HTML Preview] Block 9: Số điện thoại: «so_dien_thoai»(nếu có); số fax: «so_fax»(nếu...
[HTML Preview] Block 10: Địa chỉ thư điện tử: «chi_thu_dien_tu» (nếu có)...
[HTML Preview] Block 11: Người bị kiện:«nguoi_bi_kien»...
[HTML Preview] Block 12: Địa chỉ:«dia_chi_2»...
[HTML Preview] Block 13: Số điện thoại: «so_dien_thoai_2»(nếu có); số fax: «so_fax_2»...
[HTML Preview] Block 14: Địa chỉ thư điện tử: «chi_thu_dien_tu_2» (nếu có)...
[HTML Preview] Block 15: Tôi xin yêu cầu Toà án nhân dân«toa_an_nhan_dan_2» giải quyế...
[HTML Preview] Block 16: 1. Về quan hệ hôn nhân (1):...
[HTML Preview] Block 17: «quan_he_hon_nhan»...
[HTML Preview] Block 18: Nay tôi có nguyện vọng được ly hôn với «duoc_ly_hon_voi»...
[HTML Preview] Block 19: 2. Về con chung (2):...
[HTML Preview] Block 20: - «2_ve_con_chung»...
[HTML Preview] Block 21: - 22...
[HTML Preview] Block 22: 3. Về tài sản (3):...
[HTML Preview] Block 23: - «3_ve_tai_san»...
[HTML Preview] Block 24: - «3_ve_tai_san_2»...
[HTML Preview] Block 25: 4. Về nợ chung (4):...
[HTML Preview] Block 26: - 22...
[HTML Preview] Block 27: - «4_ve_no_chung»...
[HTML Preview] Block 28: 5. Các yêu cầu khác (nếu có) (5):...
[HTML Preview] Block 29: - «cac_yeu_cau_khac»...
[HTML Preview] Block 30: - «cac_yeu_cau_khac_2»...
[HTML Preview] Block 31: Kính mong quý Tòa xem xét giải quyết trong thời hạn luật địn...
[HTML Preview] Block 32: Tôi xin trân trọng cảm ơn !...
[DEBUG] Paragraph #33 has 1 drawing(s)
[DEBUG] Extracted image: image/png, 63071 bytes
[DEBUG] Found image in drawing element
[HTML Preview] Block 33: IMAGE ONLY (no text)
[DEBUG] Processing TABLE #0 with 3 rows, 4 columns
[HTML Preview] Block 39: TABLE_CELL[1,1] - aaaa aaa...
[HTML Preview] Block 40: TABLE_CELL[1,2] - aaa...
[_process_table_to_html] START Processing table 0 with 3 rows, 4 columns
[_process_table_to_html] Cell[0,0]: text="(empty)", has_content=False
[_process_table_to_html] Cell[0,1]: text="(empty)", has_content=False
[_process_table_to_html] Cell[0,2]: text="(empty)", has_content=False
[_process_table_to_html] Cell[0,2] vertical-align: middle
[_process_table_to_html] Cell[0,3]: text="(empty)", has_content=False
[_process_table_to_html] Cell[1,0]: text="(empty)", has_content=False
[_process_table_to_html] Cell[1,1]: text="aaaa aaa", has_content=True
[_process_table_to_html] Cell[1,1] vertical-align: middle
[_process_table_to_html] Cell[1,2]: text="aaa", has_content=True
[_process_table_to_html] Cell[1,3]: text="(empty)", has_content=False
[_process_table_to_html] Cell[2,0]: text="(empty)", has_content=False
[_process_table_to_html] Cell[2,0] vertical-align: middle
[_process_table_to_html] Cell[2,1]: text="(empty)", has_content=False
[_process_table_to_html] Cell[2,2]: text="(empty)", has_content=False
[_process_table_to_html] Cell[2,3]: text="(empty)", has_content=False
[_process_table_to_html] END Processed 12 cells, HTML length: 7111
[_process_table_to_html] HTML preview: <table class="docx-table" data-type="table" style="border-collapse: collapse; width: 100%; margin: 10px 0;">
<tr style="border: 1px solid #ccc;">
<th data-block-index="34" data-type="table_cell" data-...
[DEBUG] Added table HTML to preview, table 0, has_content: True, HTML length: 7111
[HTML Preview] Block 46: EMPTY LINE (selectable)
[HTML Preview] Block 47: Người khởi kiện...
[HTML Preview] Block 48: EMPTY LINE (selectable)
[HTML Preview] Block 49: EMPTY LINE (selectable)
[HTML Preview] Block 50: EMPTY LINE (selectable)
[HTML Preview] Block 51: Hướng dẫn viết đơn:...
[HTML Preview] Block 52: Về phần thông tin chung: Ghi chính xác thông tin của 02 vợ c...
[HTML Preview] Block 53: (1) Ghi chính xác thời điểm đăng ký kết hôn theo Giấy Đăng k...
[HTML Preview] Block 54: (2) Ghi chính xác thông tin các con và nêu rõ nguyện vọng nu...
[HTML Preview] Block 55: (3) Ghi chính xác thông tin tài sản yêu cầu Tòa án phân chia...
[HTML Preview] Block 56: (4) Liệt kê các khoản nợ, thời gian nợ, thời gian trả để Tòa...
[HTML Preview] Block 57: (5) Có thể ghi thêm các yêu cầu khác nếu có, ví dụ: cấp dưỡn...
[HTML Preview] Block 58: (Mẫu đơn này chỉ mang tính chất tham khảo)...
=== TOTAL BLOCKS IN HTML PREVIEW: 59 ===
=== HTML PREVIEW DEBUG ===
Fields detected: ['22_ngay_thang', 'nam', 'toa_an_nhan_dan', 'nguoi_khoi_kien', 'dia_chi', 'so_dien_thoai', 'so_fax', 'chi_thu_dien_tu', 'nguoi_bi_kien', 'dia_chi_2', 'so_dien_thoai_2', 'so_fax_2', 'chi_thu_dien_tu_2', 'toa_an_nhan_dan_2', 'quan_he_hon_nhan', 'duoc_ly_hon_voi', '2_ve_con_chung', '3_ve_tai_san', '3_ve_tai_san_2', '4_ve_no_chung', 'cac_yeu_cau_khac', 'cac_yeu_cau_khac_2', 'cap_duong_nuoi_con']
HTML preview length: 112959
Contains mail-merge-placeholder: True
=== END DEBUG ===
INFO:     127.0.0.1:40105 - "POST /convert HTTP/1.1" 200 OK
WARNING:  WatchFiles detected changes in 'template_manager.py'. Reloading...
✓ Directory ensured: E:\Work\PhenikaaX\Placeholder-Word\backend\uploads
✓ Directory ensured: E:\Work\PhenikaaX\Placeholder-Word\backend\uploads\templates
✓ Directory ensured: E:\Work\PhenikaaX\Placeholder-Word\backend\uploads\results
✓ Directory ensured: E:\Work\PhenikaaX\Placeholder-Word\backend\uploads\images
=== STEP 1: Creating basic placeholders ===
Đang phân tích tài liệu...
Chuyển đổi hoàn tất! File đã lưu tại: E:\Work\PhenikaaX\Placeholder-Word\backend\uploads\templates\3a500749-f5a2-4a9d-9b25-a324b01b4e56.docx
Basic fields created: ['tu_do_hanh_phuc', 'ngay_thang', 'nam', 'toa_an_nhan_dan', 'nguoi_khoi_kien', 'dia_chi', 'so_dien_thoai', 'so_fax', 'chi_thu_dien_tu', 'nguoi_bi_kien', 'dia_chi_2', 'so_dien_thoai_2', 'so_fax_2', 'chi_thu_dien_tu_2', 'toa_an_nhan_dan_2', 'quan_he_hon_nhan', 'duoc_ly_hon_voi', '2_ve_con_chung', '2_ve_con_chung_2', '3_ve_tai_san', '3_ve_tai_san_2', '4_ve_no_chung', '4_ve_no_chung_2', 'cac_yeu_cau_khac', 'cac_yeu_cau_khac_2', 'cap_duong_nuoi_con']
=== GENERATING HTML PREVIEW ===
[DEBUG] Document has 0 tables total
[DEBUG] Document has 5 relationships
[DEBUG] Document has 0 images
[DEBUG] Child #1: PARAGRAPH #1
[DEBUG] Child #2: PARAGRAPH #2
[DEBUG] Child #3: PARAGRAPH #3
[DEBUG] Child #4: PARAGRAPH #4
[DEBUG] Child #5: PARAGRAPH #5
[DEBUG] Child #6: PARAGRAPH #6
[DEBUG] Child #7: PARAGRAPH #7
[DEBUG] Child #8: PARAGRAPH #8
[DEBUG] Child #9: PARAGRAPH #9
[DEBUG] Child #10: PARAGRAPH #10
[DEBUG] Child #11: PARAGRAPH #11
[DEBUG] Child #12: PARAGRAPH #12
[DEBUG] Child #13: PARAGRAPH #13
[DEBUG] Child #14: PARAGRAPH #14
[DEBUG] Child #15: PARAGRAPH #15
[DEBUG] Child #16: PARAGRAPH #16
[DEBUG] Child #17: PARAGRAPH #17
[DEBUG] Child #18: PARAGRAPH #18
[DEBUG] Child #19: PARAGRAPH #19
[DEBUG] Child #20: PARAGRAPH #20
[DEBUG] Child #21: PARAGRAPH #21
[DEBUG] Child #22: PARAGRAPH #22
[DEBUG] Child #23: PARAGRAPH #23
[DEBUG] Child #24: PARAGRAPH #24
[DEBUG] Child #25: PARAGRAPH #25
[DEBUG] Child #26: PARAGRAPH #26
[DEBUG] Child #27: PARAGRAPH #27
[DEBUG] Child #28: PARAGRAPH #28
[DEBUG] Child #29: PARAGRAPH #29
[DEBUG] Child #30: PARAGRAPH #30
[DEBUG] Child #31: PARAGRAPH #31
[DEBUG] Child #32: PARAGRAPH #32
[DEBUG] Child #33: PARAGRAPH #33
[DEBUG] Child #34: PARAGRAPH #34
[DEBUG] Child #35: PARAGRAPH #35
[DEBUG] Child #36: PARAGRAPH #36
[DEBUG] Child #37: PARAGRAPH #37
[DEBUG] Child #38: PARAGRAPH #38
[DEBUG] Child #39: PARAGRAPH #39
[DEBUG] Child #40: PARAGRAPH #40
[DEBUG] Child #41: PARAGRAPH #41
[DEBUG] Child #42: PARAGRAPH #42
[DEBUG] Child #43: PARAGRAPH #43
[DEBUG] Child #44: PARAGRAPH #44
[DEBUG] Child #45: PARAGRAPH #45
[DEBUG] Child #46: PARAGRAPH #46
[DEBUG] Child #47: UNKNOWN TYPE (type: CT_SectPr, isinstance CT_Tbl: False, isinstance CT_P: False)
[DEBUG] Total children: 47 (tables: 0, paras: 46)
[HTML Preview] Block 0: CỘNG HÒA XÃ HỘI CHỦ NGHĨA VIỆT NAM...
[DEBUG] Paragraph #1 has 1 drawing(s)
[HTML Preview] Block 1: Độc lập - Tự do - Hạnh phúc...
[HTML Preview] Block 2: «tu_do_hanh_phuc», ngày  tháng «ngay_thang» năm«nam»...
[HTML Preview] Block 3: EMPTY LINE (selectable)
[HTML Preview] Block 4: ĐƠN XIN LY HÔN...
[HTML Preview] Block 5: EMPTY LINE (selectable)
[HTML Preview] Block 6: Kính gửi:  TÒA ÁN NHÂN DÂN «toa_an_nhan_dan»...
[HTML Preview] Block 7: Người khởi kiện:«nguoi_khoi_kien»...
[HTML Preview] Block 8: Địa chỉ:«dia_chi»...
[HTML Preview] Block 9: Số điện thoại: «so_dien_thoai»(nếu có); số fax: «so_fax»(nếu...
[HTML Preview] Block 10: Địa chỉ thư điện tử: «chi_thu_dien_tu» (nếu có)...
[HTML Preview] Block 11: Người bị kiện:«nguoi_bi_kien»...
[HTML Preview] Block 12: Địa chỉ:«dia_chi_2»...
[HTML Preview] Block 13: Số điện thoại: «so_dien_thoai_2»(nếu có); số fax: «so_fax_2»...
[HTML Preview] Block 14: Địa chỉ thư điện tử: «chi_thu_dien_tu_2» (nếu có)...
[HTML Preview] Block 15: Tôi xin yêu cầu Toà án nhân dân«toa_an_nhan_dan_2» giải quyế...
[HTML Preview] Block 16: 1. Về quan hệ hôn nhân (1):...
[HTML Preview] Block 17: «quan_he_hon_nhan»...
[HTML Preview] Block 18: Nay tôi có nguyện vọng được ly hôn với «duoc_ly_hon_voi»...
[HTML Preview] Block 19: 2. Về con chung (2):...
[HTML Preview] Block 20: - «2_ve_con_chung»...
[HTML Preview] Block 21: - «2_ve_con_chung_2»...
[HTML Preview] Block 22: 3. Về tài sản (3):...
[HTML Preview] Block 23: - «3_ve_tai_san»...
[HTML Preview] Block 24: - «3_ve_tai_san_2»...
[HTML Preview] Block 25: 4. Về nợ chung (4):...
[HTML Preview] Block 26: - «4_ve_no_chung»...
[HTML Preview] Block 27: - «4_ve_no_chung_2»...
[HTML Preview] Block 28: 5. Các yêu cầu khác (nếu có) (5):...
[HTML Preview] Block 29: - «cac_yeu_cau_khac»...
[HTML Preview] Block 30: - «cac_yeu_cau_khac_2»...
[HTML Preview] Block 31: Kính mong quý Tòa xem xét giải quyết trong thời hạn luật địn...
[HTML Preview] Block 32: Tôi xin trân trọng cảm ơn !...
[HTML Preview] Block 33: EMPTY LINE (selectable)
[HTML Preview] Block 34: Người khởi kiện...
[HTML Preview] Block 35: EMPTY LINE (selectable)
[HTML Preview] Block 36: EMPTY LINE (selectable)
[HTML Preview] Block 37: EMPTY LINE (selectable)
[HTML Preview] Block 38: Hướng dẫn viết đơn:...
[HTML Preview] Block 39: Về phần thông tin chung: Ghi chính xác thông tin của 02 vợ c...
[HTML Preview] Block 40: (1) Ghi chính xác thời điểm đăng ký kết hôn theo Giấy Đăng k...
[HTML Preview] Block 41: (2) Ghi chính xác thông tin các con và nêu rõ nguyện vọng nu...
[HTML Preview] Block 42: (3) Ghi chính xác thông tin tài sản yêu cầu Tòa án phân chia...
[HTML Preview] Block 43: (4) Liệt kê các khoản nợ, thời gian nợ, thời gian trả để Tòa...
[HTML Preview] Block 44: (5) Có thể ghi thêm các yêu cầu khác nếu có, ví dụ: cấp dưỡn...
[HTML Preview] Block 45: (Mẫu đơn này chỉ mang tính chất tham khảo)...
=== TOTAL BLOCKS IN HTML PREVIEW: 46 ===
=== HTML PREVIEW DEBUG ===
Fields detected: ['tu_do_hanh_phuc', 'ngay_thang', 'nam', 'toa_an_nhan_dan', 'nguoi_khoi_kien', 'dia_chi', 'so_dien_thoai', 'so_fax', 'chi_thu_dien_tu', 'nguoi_bi_kien', 'dia_chi_2', 'so_dien_thoai_2', 'so_fax_2', 'chi_thu_dien_tu_2', 'toa_an_nhan_dan_2', 'quan_he_hon_nhan', 'duoc_ly_hon_voi', '2_ve_con_chung', '2_ve_con_chung_2', '3_ve_tai_san', '3_ve_tai_san_2', '4_ve_no_chung', '4_ve_no_chung_2', 'cac_yeu_cau_khac', 'cac_yeu_cau_khac_2', 'cap_duong_nuoi_con']
HTML preview length: 22455
Contains mail-merge-placeholder: True
=== END DEBUG ===
INFO:     127.0.0.1:64664 - "POST /convert HTTP/1.1" 200 OK
[INFO] add_image_at_cursor called: template_id=3a500749-f5a2-4a9d-9b25-a324b01b4e56, block_index=33, offset=0, width=4.0
[DEBUG] Image saved to: E:\Work\PhenikaaX\Placeholder-Word\backend\uploads\images\9e052ca3-f5fb-44a7-aed2-5be368aa40b5.png
[DEBUG] Mapped block_index=33 to paragraph_index=33
[INFO] Successfully added image at cursor position
=== GENERATING HTML PREVIEW ===
[DEBUG] Document has 0 tables total
[DEBUG] Document has 6 relationships
[DEBUG] Document has 1 images
[DEBUG] Child #1: PARAGRAPH #1
[DEBUG] Child #2: PARAGRAPH #2
[DEBUG] Child #3: PARAGRAPH #3
[DEBUG] Child #4: PARAGRAPH #4
[DEBUG] Child #5: PARAGRAPH #5
[DEBUG] Child #6: PARAGRAPH #6
[DEBUG] Child #7: PARAGRAPH #7
[DEBUG] Child #8: PARAGRAPH #8
[DEBUG] Child #9: PARAGRAPH #9
[DEBUG] Child #10: PARAGRAPH #10
[DEBUG] Child #11: PARAGRAPH #11
[DEBUG] Child #12: PARAGRAPH #12
[DEBUG] Child #13: PARAGRAPH #13
[DEBUG] Child #14: PARAGRAPH #14
[DEBUG] Child #15: PARAGRAPH #15
[DEBUG] Child #16: PARAGRAPH #16
[DEBUG] Child #17: PARAGRAPH #17
[DEBUG] Child #18: PARAGRAPH #18
[DEBUG] Child #19: PARAGRAPH #19
[DEBUG] Child #20: PARAGRAPH #20
[DEBUG] Child #21: PARAGRAPH #21
[DEBUG] Child #22: PARAGRAPH #22
[DEBUG] Child #23: PARAGRAPH #23
[DEBUG] Child #24: PARAGRAPH #24
[DEBUG] Child #25: PARAGRAPH #25
[DEBUG] Child #26: PARAGRAPH #26
[DEBUG] Child #27: PARAGRAPH #27
[DEBUG] Child #28: PARAGRAPH #28
[DEBUG] Child #29: PARAGRAPH #29
[DEBUG] Child #30: PARAGRAPH #30
[DEBUG] Child #31: PARAGRAPH #31
[DEBUG] Child #32: PARAGRAPH #32
[DEBUG] Child #33: PARAGRAPH #33
[DEBUG] Child #34: PARAGRAPH #34
[DEBUG] Child #35: PARAGRAPH #35
[DEBUG] Child #36: PARAGRAPH #36
[DEBUG] Child #37: PARAGRAPH #37
[DEBUG] Child #38: PARAGRAPH #38
[DEBUG] Child #39: PARAGRAPH #39
[DEBUG] Child #40: PARAGRAPH #40
[DEBUG] Child #41: PARAGRAPH #41
[DEBUG] Child #42: PARAGRAPH #42
[DEBUG] Child #43: PARAGRAPH #43
[DEBUG] Child #44: PARAGRAPH #44
[DEBUG] Child #45: PARAGRAPH #45
[DEBUG] Child #46: PARAGRAPH #46
[DEBUG] Child #47: PARAGRAPH #47
[DEBUG] Child #48: UNKNOWN TYPE (type: CT_SectPr, isinstance CT_Tbl: False, isinstance CT_P: False)
[DEBUG] Total children: 48 (tables: 0, paras: 47)
[HTML Preview] Block 0: CỘNG HÒA XÃ HỘI CHỦ NGHĨA VIỆT NAM...
[DEBUG] Paragraph #1 has 1 drawing(s)
[HTML Preview] Block 1: Độc lập - Tự do - Hạnh phúc...
[HTML Preview] Block 2: «tu_do_hanh_phuc», ngày  tháng «ngay_thang» năm«nam»...
[HTML Preview] Block 3: EMPTY LINE (selectable)
[HTML Preview] Block 4: ĐƠN XIN LY HÔN...
[HTML Preview] Block 5: EMPTY LINE (selectable)
[HTML Preview] Block 6: Kính gửi:  TÒA ÁN NHÂN DÂN «toa_an_nhan_dan»...
[HTML Preview] Block 7: Người khởi kiện:«nguoi_khoi_kien»...
[HTML Preview] Block 8: Địa chỉ:«dia_chi»...
[HTML Preview] Block 9: Số điện thoại: «so_dien_thoai»(nếu có); số fax: «so_fax»(nếu...
[HTML Preview] Block 10: Địa chỉ thư điện tử: «chi_thu_dien_tu» (nếu có)...
[HTML Preview] Block 11: Người bị kiện:«nguoi_bi_kien»...
[HTML Preview] Block 12: Địa chỉ:«dia_chi_2»...
[HTML Preview] Block 13: Số điện thoại: «so_dien_thoai_2»(nếu có); số fax: «so_fax_2»...
[HTML Preview] Block 14: Địa chỉ thư điện tử: «chi_thu_dien_tu_2» (nếu có)...
[HTML Preview] Block 15: Tôi xin yêu cầu Toà án nhân dân«toa_an_nhan_dan_2» giải quyế...
[HTML Preview] Block 16: 1. Về quan hệ hôn nhân (1):...
[HTML Preview] Block 17: «quan_he_hon_nhan»...
[HTML Preview] Block 18: Nay tôi có nguyện vọng được ly hôn với «duoc_ly_hon_voi»...
[HTML Preview] Block 19: 2. Về con chung (2):...
[HTML Preview] Block 20: - «2_ve_con_chung»...
[HTML Preview] Block 21: - «2_ve_con_chung_2»...
[HTML Preview] Block 22: 3. Về tài sản (3):...
[HTML Preview] Block 23: - «3_ve_tai_san»...
[HTML Preview] Block 24: - «3_ve_tai_san_2»...
[HTML Preview] Block 25: 4. Về nợ chung (4):...
[HTML Preview] Block 26: - «4_ve_no_chung»...
[HTML Preview] Block 27: - «4_ve_no_chung_2»...
[HTML Preview] Block 28: 5. Các yêu cầu khác (nếu có) (5):...
[HTML Preview] Block 29: - «cac_yeu_cau_khac»...
[HTML Preview] Block 30: - «cac_yeu_cau_khac_2»...
[HTML Preview] Block 31: Kính mong quý Tòa xem xét giải quyết trong thời hạn luật địn...
[HTML Preview] Block 32: Tôi xin trân trọng cảm ơn !...
[HTML Preview] Block 33: EMPTY LINE (selectable)
[DEBUG] Paragraph #34 has 1 drawing(s)
[DEBUG] Extracted image: image/png, 63071 bytes
[DEBUG] Found image in drawing element
[HTML Preview] Block 34: IMAGE ONLY (no text)
[HTML Preview] Block 35: Người khởi kiện...
[HTML Preview] Block 36: EMPTY LINE (selectable)
[HTML Preview] Block 37: EMPTY LINE (selectable)
[HTML Preview] Block 38: EMPTY LINE (selectable)
[HTML Preview] Block 39: Hướng dẫn viết đơn:...
[HTML Preview] Block 40: Về phần thông tin chung: Ghi chính xác thông tin của 02 vợ c...
[HTML Preview] Block 41: (1) Ghi chính xác thời điểm đăng ký kết hôn theo Giấy Đăng k...
[HTML Preview] Block 42: (2) Ghi chính xác thông tin các con và nêu rõ nguyện vọng nu...
[HTML Preview] Block 43: (3) Ghi chính xác thông tin tài sản yêu cầu Tòa án phân chia...
[HTML Preview] Block 44: (4) Liệt kê các khoản nợ, thời gian nợ, thời gian trả để Tòa...
[HTML Preview] Block 45: (5) Có thể ghi thêm các yêu cầu khác nếu có, ví dụ: cấp dưỡn...
[HTML Preview] Block 46: (Mẫu đơn này chỉ mang tính chất tham khảo)...
=== TOTAL BLOCKS IN HTML PREVIEW: 47 ===
INFO:     127.0.0.1:36268 - "POST /add-image-at-cursor HTTP/1.1" 200 OK
=== GENERATING HTML PREVIEW ===
[DEBUG] Document has 0 tables total
[DEBUG] Document has 6 relationships
[DEBUG] Document has 1 images
[DEBUG] Child #1: PARAGRAPH #1
[DEBUG] Child #2: PARAGRAPH #2
[DEBUG] Child #3: PARAGRAPH #3
[DEBUG] Child #4: PARAGRAPH #4
[DEBUG] Child #5: PARAGRAPH #5
[DEBUG] Child #6: PARAGRAPH #6
[DEBUG] Child #7: PARAGRAPH #7
[DEBUG] Child #8: PARAGRAPH #8
[DEBUG] Child #9: PARAGRAPH #9
[DEBUG] Child #10: PARAGRAPH #10
[DEBUG] Child #11: PARAGRAPH #11
[DEBUG] Child #12: PARAGRAPH #12
[DEBUG] Child #13: PARAGRAPH #13
[DEBUG] Child #14: PARAGRAPH #14
[DEBUG] Child #15: PARAGRAPH #15
[DEBUG] Child #16: PARAGRAPH #16
[DEBUG] Child #17: PARAGRAPH #17
[DEBUG] Child #18: PARAGRAPH #18
[DEBUG] Child #19: PARAGRAPH #19
[DEBUG] Child #20: PARAGRAPH #20
[DEBUG] Child #21: PARAGRAPH #21
[DEBUG] Child #22: PARAGRAPH #22
[DEBUG] Child #23: PARAGRAPH #23
[DEBUG] Child #24: PARAGRAPH #24
[DEBUG] Child #25: PARAGRAPH #25
[DEBUG] Child #26: PARAGRAPH #26
[DEBUG] Child #27: PARAGRAPH #27
[DEBUG] Child #28: PARAGRAPH #28
[DEBUG] Child #29: PARAGRAPH #29
[DEBUG] Child #30: PARAGRAPH #30
[DEBUG] Child #31: PARAGRAPH #31
[DEBUG] Child #32: PARAGRAPH #32
[DEBUG] Child #33: PARAGRAPH #33
[DEBUG] Child #34: PARAGRAPH #34
[DEBUG] Child #35: PARAGRAPH #35
[DEBUG] Child #36: PARAGRAPH #36
[DEBUG] Child #37: PARAGRAPH #37
[DEBUG] Child #38: PARAGRAPH #38
[DEBUG] Child #39: PARAGRAPH #39
[DEBUG] Child #40: PARAGRAPH #40
[DEBUG] Child #41: PARAGRAPH #41
[DEBUG] Child #42: PARAGRAPH #42
[DEBUG] Child #43: PARAGRAPH #43
[DEBUG] Child #44: PARAGRAPH #44
[DEBUG] Child #45: PARAGRAPH #45
[DEBUG] Child #46: PARAGRAPH #46
[DEBUG] Child #47: PARAGRAPH #47
[DEBUG] Child #48: UNKNOWN TYPE (type: CT_SectPr, isinstance CT_Tbl: False, isinstance CT_P: False)
[DEBUG] Total children: 48 (tables: 0, paras: 47)
[HTML Preview] Block 0: CỘNG HÒA XÃ HỘI CHỦ NGHĨA VIỆT NAM...
[DEBUG] Paragraph #1 has 1 drawing(s)
[HTML Preview] Block 1: Độc lập - Tự do - Hạnh phúc...
[HTML Preview] Block 2: «tu_do_hanh_phuc», ngày  tháng «ngay_thang» năm«nam»...
[HTML Preview] Block 3: EMPTY LINE (selectable)
[HTML Preview] Block 4: ĐƠN XIN LY HÔN...
[HTML Preview] Block 5: EMPTY LINE (selectable)
[HTML Preview] Block 6: Kính gửi:  TÒA ÁN NHÂN DÂN «toa_an_nhan_dan»...
[HTML Preview] Block 7: Người khởi kiện:«nguoi_khoi_kien»...
[HTML Preview] Block 8: Địa chỉ:«dia_chi»...
[HTML Preview] Block 9: Số điện thoại: «so_dien_thoai»(nếu có); số fax: «so_fax»(nếu...
[HTML Preview] Block 10: Địa chỉ thư điện tử: «chi_thu_dien_tu» (nếu có)...
[HTML Preview] Block 11: Người bị kiện:«nguoi_bi_kien»...
[HTML Preview] Block 12: Địa chỉ:«dia_chi_2»...
[HTML Preview] Block 13: Số điện thoại: «so_dien_thoai_2»(nếu có); số fax: «so_fax_2»...
[HTML Preview] Block 14: Địa chỉ thư điện tử: «chi_thu_dien_tu_2» (nếu có)...
[HTML Preview] Block 15: Tôi xin yêu cầu Toà án nhân dân«toa_an_nhan_dan_2» giải quyế...
[HTML Preview] Block 16: 1. Về quan hệ hôn nhân (1):...
[HTML Preview] Block 17: «quan_he_hon_nhan»...
[HTML Preview] Block 18: Nay tôi có nguyện vọng được ly hôn với «duoc_ly_hon_voi»...
[HTML Preview] Block 19: 2. Về con chung (2):...
[HTML Preview] Block 20: - «2_ve_con_chung»...
[HTML Preview] Block 21: - «2_ve_con_chung_2»...
[HTML Preview] Block 22: 3. Về tài sản (3):...
[HTML Preview] Block 23: - «3_ve_tai_san»...
[HTML Preview] Block 24: - «3_ve_tai_san_2»...
[HTML Preview] Block 25: 4. Về nợ chung (4):...
[HTML Preview] Block 26: - «4_ve_no_chung»...
[HTML Preview] Block 27: - «4_ve_no_chung_2»...
[HTML Preview] Block 28: 5. Các yêu cầu khác (nếu có) (5):...
[HTML Preview] Block 29: - «cac_yeu_cau_khac»...
[HTML Preview] Block 30: - «cac_yeu_cau_khac_2»...
[HTML Preview] Block 31: Kính mong quý Tòa xem xét giải quyết trong thời hạn luật địn...
[HTML Preview] Block 32: Tôi xin trân trọng cảm ơn !...
[HTML Preview] Block 33: EMPTY LINE (selectable)
[DEBUG] Paragraph #34 has 1 drawing(s)
[DEBUG] Extracted image: image/png, 63071 bytes
[DEBUG] Found image in drawing element
[HTML Preview] Block 34: IMAGE ONLY (no text)
[HTML Preview] Block 35: Người khởi kiện...
[HTML Preview] Block 36: EMPTY LINE (selectable)
[HTML Preview] Block 37: EMPTY LINE (selectable)
[HTML Preview] Block 38: EMPTY LINE (selectable)
[HTML Preview] Block 39: Hướng dẫn viết đơn:...
[HTML Preview] Block 40: Về phần thông tin chung: Ghi chính xác thông tin của 02 vợ c...
[HTML Preview] Block 41: (1) Ghi chính xác thời điểm đăng ký kết hôn theo Giấy Đăng k...
[HTML Preview] Block 42: (2) Ghi chính xác thông tin các con và nêu rõ nguyện vọng nu...
[HTML Preview] Block 43: (3) Ghi chính xác thông tin tài sản yêu cầu Tòa án phân chia...
[HTML Preview] Block 44: (4) Liệt kê các khoản nợ, thời gian nợ, thời gian trả để Tòa...
[HTML Preview] Block 45: (5) Có thể ghi thêm các yêu cầu khác nếu có, ví dụ: cấp dưỡn...
[HTML Preview] Block 46: (Mẫu đơn này chỉ mang tính chất tham khảo)...
=== TOTAL BLOCKS IN HTML PREVIEW: 47 ===
INFO:     127.0.0.1:36268 - "GET /template-info/3a500749-f5a2-4a9d-9b25-a324b01b4e56 HTTP/1.1" 200 OK
✓ Directory ensured: E:\Work\PhenikaaX\Placeholder-Word\backend\uploads
✓ Directory ensured: E:\Work\PhenikaaX\Placeholder-Word\backend\uploads\templates
✓ Directory ensured: E:\Work\PhenikaaX\Placeholder-Word\backend\uploads\results
✓ Directory ensured: E:\Work\PhenikaaX\Placeholder-Word\backend\uploads\images
INFO:     127.0.0.1:41214 - "POST /merge HTTP/1.1" 200 OK
=== GENERATING HTML PREVIEW ===
[DEBUG] Document has 0 tables total
[DEBUG] Document has 6 relationships
[DEBUG] Document has 1 images
[DEBUG] Child #1: PARAGRAPH #1
[DEBUG] Child #2: PARAGRAPH #2
[DEBUG] Child #3: PARAGRAPH #3
[DEBUG] Child #4: PARAGRAPH #4
[DEBUG] Child #5: PARAGRAPH #5
[DEBUG] Child #6: PARAGRAPH #6
[DEBUG] Child #7: PARAGRAPH #7
[DEBUG] Child #8: PARAGRAPH #8
[DEBUG] Child #9: PARAGRAPH #9
[DEBUG] Child #10: PARAGRAPH #10
[DEBUG] Child #11: PARAGRAPH #11
[DEBUG] Child #12: PARAGRAPH #12
[DEBUG] Child #13: PARAGRAPH #13
[DEBUG] Child #14: PARAGRAPH #14
[DEBUG] Child #15: PARAGRAPH #15
[DEBUG] Child #16: PARAGRAPH #16
[DEBUG] Child #17: PARAGRAPH #17
[DEBUG] Child #18: PARAGRAPH #18
[DEBUG] Child #19: PARAGRAPH #19
[DEBUG] Child #20: PARAGRAPH #20
[DEBUG] Child #21: PARAGRAPH #21
[DEBUG] Child #22: PARAGRAPH #22
[DEBUG] Child #23: PARAGRAPH #23
[DEBUG] Child #24: PARAGRAPH #24
[DEBUG] Child #25: PARAGRAPH #25
[DEBUG] Child #26: PARAGRAPH #26
[DEBUG] Child #27: PARAGRAPH #27
[DEBUG] Child #28: PARAGRAPH #28
[DEBUG] Child #29: PARAGRAPH #29
[DEBUG] Child #30: PARAGRAPH #30
[DEBUG] Child #31: PARAGRAPH #31
[DEBUG] Child #32: PARAGRAPH #32
[DEBUG] Child #33: PARAGRAPH #33
[DEBUG] Child #34: PARAGRAPH #34
[DEBUG] Child #35: PARAGRAPH #35
[DEBUG] Child #36: PARAGRAPH #36
[DEBUG] Child #37: PARAGRAPH #37
[DEBUG] Child #38: PARAGRAPH #38
[DEBUG] Child #39: PARAGRAPH #39
[DEBUG] Child #40: PARAGRAPH #40
[DEBUG] Child #41: PARAGRAPH #41
[DEBUG] Child #42: PARAGRAPH #42
[DEBUG] Child #43: PARAGRAPH #43
[DEBUG] Child #44: PARAGRAPH #44
[DEBUG] Child #45: PARAGRAPH #45
[DEBUG] Child #46: PARAGRAPH #46
[DEBUG] Child #47: PARAGRAPH #47
[DEBUG] Child #48: UNKNOWN TYPE (type: CT_SectPr, isinstance CT_Tbl: False, isinstance CT_P: False)
[DEBUG] Total children: 48 (tables: 0, paras: 47)
[HTML Preview] Block 0: CỘNG HÒA XÃ HỘI CHỦ NGHĨA VIỆT NAM...
[DEBUG] Paragraph #1 has 1 drawing(s)
[HTML Preview] Block 1: Độc lập - Tự do - Hạnh phúc...
[HTML Preview] Block 2: ……….., ngày  tháng …. năm….....
[HTML Preview] Block 3: EMPTY LINE (selectable)
[HTML Preview] Block 4: ĐƠN XIN LY HÔN...
[HTML Preview] Block 5: EMPTY LINE (selectable)
[HTML Preview] Block 6: Kính gửi:  TÒA ÁN NHÂN DÂN ……………….....
[HTML Preview] Block 7: Người khởi kiện:...............................................
[HTML Preview] Block 8: Địa chỉ:.......................................................
[HTML Preview] Block 9: Số điện thoại: …………………(nếu có); số fax: ………………….(nếu có)...
[HTML Preview] Block 10: Địa chỉ thư điện tử: 22 (nếu có)...
[HTML Preview] Block 11: Người bị kiện:.................................................
[HTML Preview] Block 12: Địa chỉ:.......................................................
[HTML Preview] Block 13: Số điện thoại: …………………(nếu có); số fax: ………………….(nếu có)...
[HTML Preview] Block 14: Địa chỉ thư điện tử: ……….......................................
[HTML Preview] Block 15: Tôi xin yêu cầu Toà án nhân dân………… giải quyết những vấn đề ...
[HTML Preview] Block 16: 1. Về quan hệ hôn nhân (1):...
[HTML Preview] Block 17: ...............................................................
[HTML Preview] Block 18: Nay tôi có nguyện vọng được ly hôn với ........................
[HTML Preview] Block 19: 2. Về con chung (2):...
[HTML Preview] Block 20: - .............................................................
[HTML Preview] Block 21: - .............................................................
[HTML Preview] Block 22: 3. Về tài sản (3):...
[HTML Preview] Block 23: - .............................................................
[HTML Preview] Block 24: - .............................................................
[HTML Preview] Block 25: 4. Về nợ chung (4):...
[HTML Preview] Block 26: - .............................................................
[HTML Preview] Block 27: - .............................................................
[HTML Preview] Block 28: 5. Các yêu cầu khác (nếu có) (5):...
[HTML Preview] Block 29: - .............................................................
[HTML Preview] Block 30: - .............................................................
[HTML Preview] Block 31: Kính mong quý Tòa xem xét giải quyết trong thời hạn luật địn...
[HTML Preview] Block 32: Tôi xin trân trọng cảm ơn !...
[HTML Preview] Block 33: EMPTY LINE (selectable)
[DEBUG] Paragraph #34 has 1 drawing(s)
[DEBUG] Extracted image: image/png, 63071 bytes
[DEBUG] Found image in drawing element
[HTML Preview] Block 34: IMAGE ONLY (no text)
[HTML Preview] Block 35: Người khởi kiện...
[HTML Preview] Block 36: EMPTY LINE (selectable)
[HTML Preview] Block 37: EMPTY LINE (selectable)
[HTML Preview] Block 38: EMPTY LINE (selectable)
[HTML Preview] Block 39: Hướng dẫn viết đơn:...
[HTML Preview] Block 40: Về phần thông tin chung: Ghi chính xác thông tin của 02 vợ c...
[HTML Preview] Block 41: (1) Ghi chính xác thời điểm đăng ký kết hôn theo Giấy Đăng k...
[HTML Preview] Block 42: (2) Ghi chính xác thông tin các con và nêu rõ nguyện vọng nu...
[HTML Preview] Block 43: (3) Ghi chính xác thông tin tài sản yêu cầu Tòa án phân chia...
[HTML Preview] Block 44: (4) Liệt kê các khoản nợ, thời gian nợ, thời gian trả để Tòa...
[HTML Preview] Block 45: (5) Có thể ghi thêm các yêu cầu khác nếu có, ví dụ: cấp dưỡn...
[HTML Preview] Block 46: (Mẫu đơn này chỉ mang tính chất tham khảo)...
=== TOTAL BLOCKS IN HTML PREVIEW: 47 ===
INFO:     127.0.0.1:41214 - "GET /preview/80730bc9-ee0e-4b26-99c7-d40f5d311609 HTTP/1.1" 200 OK
INFO:     127.0.0.1:36924 - "GET /download/80730bc9-ee0e-4b26-99c7-d40f5d311609 HTTP/1.1" 200 OK
✓ Directory ensured: E:\Work\PhenikaaX\Placeholder-Word\backend\uploads
✓ Directory ensured: E:\Work\PhenikaaX\Placeholder-Word\backend\uploads\templates
✓ Directory ensured: E:\Work\PhenikaaX\Placeholder-Word\backend\uploads\results
✓ Directory ensured: E:\Work\PhenikaaX\Placeholder-Word\backend\uploads\images
=== STEP 1: Creating basic placeholders ===
Đang phân tích tài liệu...
Chuyển đổi hoàn tất! File đã lưu tại: E:\Work\PhenikaaX\Placeholder-Word\backend\uploads\templates\26cf888e-5908-487c-b734-2c446847848a.docx
Basic fields created: ['tu_do_hanh_phuc', 'ngay_thang', 'nam', 'toa_an_nhan_dan', 'nguoi_khoi_kien', 'dia_chi', 'so_dien_thoai', 'so_fax', 'chi_thu_dien_tu', 'nguoi_bi_kien', 'dia_chi_2', 'so_dien_thoai_2', 'so_fax_2', 'chi_thu_dien_tu_2', 'toa_an_nhan_dan_2', 'quan_he_hon_nhan', 'duoc_ly_hon_voi', '2_ve_con_chung', '2_ve_con_chung_2', '3_ve_tai_san', '3_ve_tai_san_2', '4_ve_no_chung', '4_ve_no_chung_2', 'cac_yeu_cau_khac', 'cac_yeu_cau_khac_2', 'cap_duong_nuoi_con']
=== GENERATING HTML PREVIEW ===
[DEBUG] Document has 0 tables total
[DEBUG] Document has 5 relationships
[DEBUG] Document has 0 images
[DEBUG] Child #1: PARAGRAPH #1
[DEBUG] Child #2: PARAGRAPH #2
[DEBUG] Child #3: PARAGRAPH #3
[DEBUG] Child #4: PARAGRAPH #4
[DEBUG] Child #5: PARAGRAPH #5
[DEBUG] Child #6: PARAGRAPH #6
[DEBUG] Child #7: PARAGRAPH #7
[DEBUG] Child #8: PARAGRAPH #8
[DEBUG] Child #9: PARAGRAPH #9
[DEBUG] Child #10: PARAGRAPH #10
[DEBUG] Child #11: PARAGRAPH #11
[DEBUG] Child #12: PARAGRAPH #12
[DEBUG] Child #13: PARAGRAPH #13
[DEBUG] Child #14: PARAGRAPH #14
[DEBUG] Child #15: PARAGRAPH #15
[DEBUG] Child #16: PARAGRAPH #16
[DEBUG] Child #17: PARAGRAPH #17
[DEBUG] Child #18: PARAGRAPH #18
[DEBUG] Child #19: PARAGRAPH #19
[DEBUG] Child #20: PARAGRAPH #20
[DEBUG] Child #21: PARAGRAPH #21
[DEBUG] Child #22: PARAGRAPH #22
[DEBUG] Child #23: PARAGRAPH #23
[DEBUG] Child #24: PARAGRAPH #24
[DEBUG] Child #25: PARAGRAPH #25
[DEBUG] Child #26: PARAGRAPH #26
[DEBUG] Child #27: PARAGRAPH #27
[DEBUG] Child #28: PARAGRAPH #28
[DEBUG] Child #29: PARAGRAPH #29
[DEBUG] Child #30: PARAGRAPH #30
[DEBUG] Child #31: PARAGRAPH #31
[DEBUG] Child #32: PARAGRAPH #32
[DEBUG] Child #33: PARAGRAPH #33
[DEBUG] Child #34: PARAGRAPH #34
[DEBUG] Child #35: PARAGRAPH #35
[DEBUG] Child #36: PARAGRAPH #36
[DEBUG] Child #37: PARAGRAPH #37
[DEBUG] Child #38: PARAGRAPH #38
[DEBUG] Child #39: PARAGRAPH #39
[DEBUG] Child #40: PARAGRAPH #40
[DEBUG] Child #41: PARAGRAPH #41
[DEBUG] Child #42: PARAGRAPH #42
[DEBUG] Child #43: PARAGRAPH #43
[DEBUG] Child #44: PARAGRAPH #44
[DEBUG] Child #45: PARAGRAPH #45
[DEBUG] Child #46: PARAGRAPH #46
[DEBUG] Child #47: UNKNOWN TYPE (type: CT_SectPr, isinstance CT_Tbl: False, isinstance CT_P: False)
[DEBUG] Total children: 47 (tables: 0, paras: 46)
[HTML Preview] Block 0: CỘNG HÒA XÃ HỘI CHỦ NGHĨA VIỆT NAM...
[DEBUG] Paragraph #1 has 1 drawing(s)
[HTML Preview] Block 1: Độc lập - Tự do - Hạnh phúc...
[HTML Preview] Block 2: «tu_do_hanh_phuc», ngày  tháng «ngay_thang» năm«nam»...
[HTML Preview] Block 3: EMPTY LINE (selectable)
[HTML Preview] Block 4: ĐƠN XIN LY HÔN...
[HTML Preview] Block 5: EMPTY LINE (selectable)
[HTML Preview] Block 6: Kính gửi:  TÒA ÁN NHÂN DÂN «toa_an_nhan_dan»...
[HTML Preview] Block 7: Người khởi kiện:«nguoi_khoi_kien»...
[HTML Preview] Block 8: Địa chỉ:«dia_chi»...
[HTML Preview] Block 9: Số điện thoại: «so_dien_thoai»(nếu có); số fax: «so_fax»(nếu...
[HTML Preview] Block 10: Địa chỉ thư điện tử: «chi_thu_dien_tu» (nếu có)...
[HTML Preview] Block 11: Người bị kiện:«nguoi_bi_kien»...
[HTML Preview] Block 12: Địa chỉ:«dia_chi_2»...
[HTML Preview] Block 13: Số điện thoại: «so_dien_thoai_2»(nếu có); số fax: «so_fax_2»...
[HTML Preview] Block 14: Địa chỉ thư điện tử: «chi_thu_dien_tu_2» (nếu có)...
[HTML Preview] Block 15: Tôi xin yêu cầu Toà án nhân dân«toa_an_nhan_dan_2» giải quyế...
[HTML Preview] Block 16: 1. Về quan hệ hôn nhân (1):...
[HTML Preview] Block 17: «quan_he_hon_nhan»...
[HTML Preview] Block 18: Nay tôi có nguyện vọng được ly hôn với «duoc_ly_hon_voi»...
[HTML Preview] Block 19: 2. Về con chung (2):...
[HTML Preview] Block 20: - «2_ve_con_chung»...
[HTML Preview] Block 21: - «2_ve_con_chung_2»...
[HTML Preview] Block 22: 3. Về tài sản (3):...
[HTML Preview] Block 23: - «3_ve_tai_san»...
[HTML Preview] Block 24: - «3_ve_tai_san_2»...
[HTML Preview] Block 25: 4. Về nợ chung (4):...
[HTML Preview] Block 26: - «4_ve_no_chung»...
[HTML Preview] Block 27: - «4_ve_no_chung_2»...
[HTML Preview] Block 28: 5. Các yêu cầu khác (nếu có) (5):...
[HTML Preview] Block 29: - «cac_yeu_cau_khac»...
[HTML Preview] Block 30: - «cac_yeu_cau_khac_2»...
[HTML Preview] Block 31: Kính mong quý Tòa xem xét giải quyết trong thời hạn luật địn...
[HTML Preview] Block 32: Tôi xin trân trọng cảm ơn !...
[HTML Preview] Block 33: EMPTY LINE (selectable)
[HTML Preview] Block 34: Người khởi kiện...
[HTML Preview] Block 35: EMPTY LINE (selectable)
[HTML Preview] Block 36: EMPTY LINE (selectable)
[HTML Preview] Block 37: EMPTY LINE (selectable)
[HTML Preview] Block 38: Hướng dẫn viết đơn:...
[HTML Preview] Block 39: Về phần thông tin chung: Ghi chính xác thông tin của 02 vợ c...
[HTML Preview] Block 40: (1) Ghi chính xác thời điểm đăng ký kết hôn theo Giấy Đăng k...
[HTML Preview] Block 41: (2) Ghi chính xác thông tin các con và nêu rõ nguyện vọng nu...
[HTML Preview] Block 42: (3) Ghi chính xác thông tin tài sản yêu cầu Tòa án phân chia...
[HTML Preview] Block 43: (4) Liệt kê các khoản nợ, thời gian nợ, thời gian trả để Tòa...
[HTML Preview] Block 44: (5) Có thể ghi thêm các yêu cầu khác nếu có, ví dụ: cấp dưỡn...
[HTML Preview] Block 45: (Mẫu đơn này chỉ mang tính chất tham khảo)...
=== TOTAL BLOCKS IN HTML PREVIEW: 46 ===
=== HTML PREVIEW DEBUG ===
Fields detected: ['tu_do_hanh_phuc', 'ngay_thang', 'nam', 'toa_an_nhan_dan', 'nguoi_khoi_kien', 'dia_chi', 'so_dien_thoai', 'so_fax', 'chi_thu_dien_tu', 'nguoi_bi_kien', 'dia_chi_2', 'so_dien_thoai_2', 'so_fax_2', 'chi_thu_dien_tu_2', 'toa_an_nhan_dan_2', 'quan_he_hon_nhan', 'duoc_ly_hon_voi', '2_ve_con_chung', '2_ve_con_chung_2', '3_ve_tai_san', '3_ve_tai_san_2', '4_ve_no_chung', '4_ve_no_chung_2', 'cac_yeu_cau_khac', 'cac_yeu_cau_khac_2', 'cap_duong_nuoi_con']
HTML preview length: 22455
Contains mail-merge-placeholder: True
=== END DEBUG ===
INFO:     127.0.0.1:16431 - "POST /convert HTTP/1.1" 200 OK
[INFO] add_image_at_cursor called: template_id=26cf888e-5908-487c-b734-2c446847848a, block_index=33, offset=0, width=4.0
[DEBUG] Image saved to: E:\Work\PhenikaaX\Placeholder-Word\backend\uploads\images\f16bec10-30bc-4059-8dca-c28e156d87e7.png
[DEBUG] Mapped block_index=33 to paragraph_index=33
[INFO] Successfully added image at cursor position
=== GENERATING HTML PREVIEW ===
[DEBUG] Document has 0 tables total
[DEBUG] Document has 6 relationships
[DEBUG] Document has 1 images
[DEBUG] Child #1: PARAGRAPH #1
[DEBUG] Child #2: PARAGRAPH #2
[DEBUG] Child #3: PARAGRAPH #3
[DEBUG] Child #4: PARAGRAPH #4
[DEBUG] Child #5: PARAGRAPH #5
[DEBUG] Child #6: PARAGRAPH #6
[DEBUG] Child #7: PARAGRAPH #7
[DEBUG] Child #8: PARAGRAPH #8
[DEBUG] Child #9: PARAGRAPH #9
[DEBUG] Child #10: PARAGRAPH #10
[DEBUG] Child #11: PARAGRAPH #11
[DEBUG] Child #12: PARAGRAPH #12
[DEBUG] Child #13: PARAGRAPH #13
[DEBUG] Child #14: PARAGRAPH #14
[DEBUG] Child #15: PARAGRAPH #15
[DEBUG] Child #16: PARAGRAPH #16
[DEBUG] Child #17: PARAGRAPH #17
[DEBUG] Child #18: PARAGRAPH #18
[DEBUG] Child #19: PARAGRAPH #19
[DEBUG] Child #20: PARAGRAPH #20
[DEBUG] Child #21: PARAGRAPH #21
[DEBUG] Child #22: PARAGRAPH #22
[DEBUG] Child #23: PARAGRAPH #23
[DEBUG] Child #24: PARAGRAPH #24
[DEBUG] Child #25: PARAGRAPH #25
[DEBUG] Child #26: PARAGRAPH #26
[DEBUG] Child #27: PARAGRAPH #27
[DEBUG] Child #28: PARAGRAPH #28
[DEBUG] Child #29: PARAGRAPH #29
[DEBUG] Child #30: PARAGRAPH #30
[DEBUG] Child #31: PARAGRAPH #31
[DEBUG] Child #32: PARAGRAPH #32
[DEBUG] Child #33: PARAGRAPH #33
[DEBUG] Child #34: PARAGRAPH #34
[DEBUG] Child #35: PARAGRAPH #35
[DEBUG] Child #36: PARAGRAPH #36
[DEBUG] Child #37: PARAGRAPH #37
[DEBUG] Child #38: PARAGRAPH #38
[DEBUG] Child #39: PARAGRAPH #39
[DEBUG] Child #40: PARAGRAPH #40
[DEBUG] Child #41: PARAGRAPH #41
[DEBUG] Child #42: PARAGRAPH #42
[DEBUG] Child #43: PARAGRAPH #43
[DEBUG] Child #44: PARAGRAPH #44
[DEBUG] Child #45: PARAGRAPH #45
[DEBUG] Child #46: PARAGRAPH #46
[DEBUG] Child #47: PARAGRAPH #47
[DEBUG] Child #48: UNKNOWN TYPE (type: CT_SectPr, isinstance CT_Tbl: False, isinstance CT_P: False)
[DEBUG] Total children: 48 (tables: 0, paras: 47)
[HTML Preview] Block 0: CỘNG HÒA XÃ HỘI CHỦ NGHĨA VIỆT NAM...
[DEBUG] Paragraph #1 has 1 drawing(s)
[HTML Preview] Block 1: Độc lập - Tự do - Hạnh phúc...
[HTML Preview] Block 2: «tu_do_hanh_phuc», ngày  tháng «ngay_thang» năm«nam»...
[HTML Preview] Block 3: EMPTY LINE (selectable)
[HTML Preview] Block 4: ĐƠN XIN LY HÔN...
[HTML Preview] Block 5: EMPTY LINE (selectable)
[HTML Preview] Block 6: Kính gửi:  TÒA ÁN NHÂN DÂN «toa_an_nhan_dan»...
[HTML Preview] Block 7: Người khởi kiện:«nguoi_khoi_kien»...
[HTML Preview] Block 8: Địa chỉ:«dia_chi»...
[HTML Preview] Block 9: Số điện thoại: «so_dien_thoai»(nếu có); số fax: «so_fax»(nếu...
[HTML Preview] Block 10: Địa chỉ thư điện tử: «chi_thu_dien_tu» (nếu có)...
[HTML Preview] Block 11: Người bị kiện:«nguoi_bi_kien»...
[HTML Preview] Block 12: Địa chỉ:«dia_chi_2»...
[HTML Preview] Block 13: Số điện thoại: «so_dien_thoai_2»(nếu có); số fax: «so_fax_2»...
[HTML Preview] Block 14: Địa chỉ thư điện tử: «chi_thu_dien_tu_2» (nếu có)...
[HTML Preview] Block 15: Tôi xin yêu cầu Toà án nhân dân«toa_an_nhan_dan_2» giải quyế...
[HTML Preview] Block 16: 1. Về quan hệ hôn nhân (1):...
[HTML Preview] Block 17: «quan_he_hon_nhan»...
[HTML Preview] Block 18: Nay tôi có nguyện vọng được ly hôn với «duoc_ly_hon_voi»...
[HTML Preview] Block 19: 2. Về con chung (2):...
[HTML Preview] Block 20: - «2_ve_con_chung»...
[HTML Preview] Block 21: - «2_ve_con_chung_2»...
[HTML Preview] Block 22: 3. Về tài sản (3):...
[HTML Preview] Block 23: - «3_ve_tai_san»...
[HTML Preview] Block 24: - «3_ve_tai_san_2»...
[HTML Preview] Block 25: 4. Về nợ chung (4):...
[HTML Preview] Block 26: - «4_ve_no_chung»...
[HTML Preview] Block 27: - «4_ve_no_chung_2»...
[HTML Preview] Block 28: 5. Các yêu cầu khác (nếu có) (5):...
[HTML Preview] Block 29: - «cac_yeu_cau_khac»...
[HTML Preview] Block 30: - «cac_yeu_cau_khac_2»...
[HTML Preview] Block 31: Kính mong quý Tòa xem xét giải quyết trong thời hạn luật địn...
[HTML Preview] Block 32: Tôi xin trân trọng cảm ơn !...
[HTML Preview] Block 33: EMPTY LINE (selectable)
[DEBUG] Paragraph #34 has 1 drawing(s)
[DEBUG] Extracted image: image/png, 63071 bytes
[DEBUG] Found image in drawing element
[HTML Preview] Block 34: IMAGE ONLY (no text)
[HTML Preview] Block 35: Người khởi kiện...
[HTML Preview] Block 36: EMPTY LINE (selectable)
[HTML Preview] Block 37: EMPTY LINE (selectable)
[HTML Preview] Block 38: EMPTY LINE (selectable)
[HTML Preview] Block 39: Hướng dẫn viết đơn:...
[HTML Preview] Block 40: Về phần thông tin chung: Ghi chính xác thông tin của 02 vợ c...
[HTML Preview] Block 41: (1) Ghi chính xác thời điểm đăng ký kết hôn theo Giấy Đăng k...
[HTML Preview] Block 42: (2) Ghi chính xác thông tin các con và nêu rõ nguyện vọng nu...
[HTML Preview] Block 43: (3) Ghi chính xác thông tin tài sản yêu cầu Tòa án phân chia...
[HTML Preview] Block 44: (4) Liệt kê các khoản nợ, thời gian nợ, thời gian trả để Tòa...
[HTML Preview] Block 45: (5) Có thể ghi thêm các yêu cầu khác nếu có, ví dụ: cấp dưỡn...
[HTML Preview] Block 46: (Mẫu đơn này chỉ mang tính chất tham khảo)...
=== TOTAL BLOCKS IN HTML PREVIEW: 47 ===
INFO:     127.0.0.1:42949 - "POST /add-image-at-cursor HTTP/1.1" 200 OK
=== GENERATING HTML PREVIEW ===
[DEBUG] Document has 0 tables total
[DEBUG] Document has 6 relationships
[DEBUG] Document has 1 images
[DEBUG] Child #1: PARAGRAPH #1
[DEBUG] Child #2: PARAGRAPH #2
[DEBUG] Child #3: PARAGRAPH #3
[DEBUG] Child #4: PARAGRAPH #4
[DEBUG] Child #5: PARAGRAPH #5
[DEBUG] Child #6: PARAGRAPH #6
[DEBUG] Child #7: PARAGRAPH #7
[DEBUG] Child #8: PARAGRAPH #8
[DEBUG] Child #9: PARAGRAPH #9
[DEBUG] Child #10: PARAGRAPH #10
[DEBUG] Child #11: PARAGRAPH #11
[DEBUG] Child #12: PARAGRAPH #12
[DEBUG] Child #13: PARAGRAPH #13
[DEBUG] Child #14: PARAGRAPH #14
[DEBUG] Child #15: PARAGRAPH #15
[DEBUG] Child #16: PARAGRAPH #16
[DEBUG] Child #17: PARAGRAPH #17
[DEBUG] Child #18: PARAGRAPH #18
[DEBUG] Child #19: PARAGRAPH #19
[DEBUG] Child #20: PARAGRAPH #20
[DEBUG] Child #21: PARAGRAPH #21
[DEBUG] Child #22: PARAGRAPH #22
[DEBUG] Child #23: PARAGRAPH #23
[DEBUG] Child #24: PARAGRAPH #24
[DEBUG] Child #25: PARAGRAPH #25
[DEBUG] Child #26: PARAGRAPH #26
[DEBUG] Child #27: PARAGRAPH #27
[DEBUG] Child #28: PARAGRAPH #28
[DEBUG] Child #29: PARAGRAPH #29
[DEBUG] Child #30: PARAGRAPH #30
[DEBUG] Child #31: PARAGRAPH #31
[DEBUG] Child #32: PARAGRAPH #32
[DEBUG] Child #33: PARAGRAPH #33
[DEBUG] Child #34: PARAGRAPH #34
[DEBUG] Child #35: PARAGRAPH #35
[DEBUG] Child #36: PARAGRAPH #36
[DEBUG] Child #37: PARAGRAPH #37
[DEBUG] Child #38: PARAGRAPH #38
[DEBUG] Child #39: PARAGRAPH #39
[DEBUG] Child #40: PARAGRAPH #40
[DEBUG] Child #41: PARAGRAPH #41
[DEBUG] Child #42: PARAGRAPH #42
[DEBUG] Child #43: PARAGRAPH #43
[DEBUG] Child #44: PARAGRAPH #44
[DEBUG] Child #45: PARAGRAPH #45
[DEBUG] Child #46: PARAGRAPH #46
[DEBUG] Child #47: PARAGRAPH #47
[DEBUG] Child #48: UNKNOWN TYPE (type: CT_SectPr, isinstance CT_Tbl: False, isinstance CT_P: False)
[DEBUG] Total children: 48 (tables: 0, paras: 47)
[HTML Preview] Block 0: CỘNG HÒA XÃ HỘI CHỦ NGHĨA VIỆT NAM...
[DEBUG] Paragraph #1 has 1 drawing(s)
[HTML Preview] Block 1: Độc lập - Tự do - Hạnh phúc...
[HTML Preview] Block 2: «tu_do_hanh_phuc», ngày  tháng «ngay_thang» năm«nam»...
[HTML Preview] Block 3: EMPTY LINE (selectable)
[HTML Preview] Block 4: ĐƠN XIN LY HÔN...
[HTML Preview] Block 5: EMPTY LINE (selectable)
[HTML Preview] Block 6: Kính gửi:  TÒA ÁN NHÂN DÂN «toa_an_nhan_dan»...
[HTML Preview] Block 7: Người khởi kiện:«nguoi_khoi_kien»...
[HTML Preview] Block 8: Địa chỉ:«dia_chi»...
[HTML Preview] Block 9: Số điện thoại: «so_dien_thoai»(nếu có); số fax: «so_fax»(nếu...
[HTML Preview] Block 10: Địa chỉ thư điện tử: «chi_thu_dien_tu» (nếu có)...
[HTML Preview] Block 11: Người bị kiện:«nguoi_bi_kien»...
[HTML Preview] Block 12: Địa chỉ:«dia_chi_2»...
[HTML Preview] Block 13: Số điện thoại: «so_dien_thoai_2»(nếu có); số fax: «so_fax_2»...
[HTML Preview] Block 14: Địa chỉ thư điện tử: «chi_thu_dien_tu_2» (nếu có)...
[HTML Preview] Block 15: Tôi xin yêu cầu Toà án nhân dân«toa_an_nhan_dan_2» giải quyế...
[HTML Preview] Block 16: 1. Về quan hệ hôn nhân (1):...
[HTML Preview] Block 17: «quan_he_hon_nhan»...
[HTML Preview] Block 18: Nay tôi có nguyện vọng được ly hôn với «duoc_ly_hon_voi»...
[HTML Preview] Block 19: 2. Về con chung (2):...
[HTML Preview] Block 20: - «2_ve_con_chung»...
[HTML Preview] Block 21: - «2_ve_con_chung_2»...
[HTML Preview] Block 22: 3. Về tài sản (3):...
[HTML Preview] Block 23: - «3_ve_tai_san»...
[HTML Preview] Block 24: - «3_ve_tai_san_2»...
[HTML Preview] Block 25: 4. Về nợ chung (4):...
[HTML Preview] Block 26: - «4_ve_no_chung»...
[HTML Preview] Block 27: - «4_ve_no_chung_2»...
[HTML Preview] Block 28: 5. Các yêu cầu khác (nếu có) (5):...
[HTML Preview] Block 29: - «cac_yeu_cau_khac»...
[HTML Preview] Block 30: - «cac_yeu_cau_khac_2»...
[HTML Preview] Block 31: Kính mong quý Tòa xem xét giải quyết trong thời hạn luật địn...
[HTML Preview] Block 32: Tôi xin trân trọng cảm ơn !...
[HTML Preview] Block 33: EMPTY LINE (selectable)
[DEBUG] Paragraph #34 has 1 drawing(s)
[DEBUG] Extracted image: image/png, 63071 bytes
[DEBUG] Found image in drawing element
[HTML Preview] Block 34: IMAGE ONLY (no text)
[HTML Preview] Block 35: Người khởi kiện...
[HTML Preview] Block 36: EMPTY LINE (selectable)
[HTML Preview] Block 37: EMPTY LINE (selectable)
[HTML Preview] Block 38: EMPTY LINE (selectable)
[HTML Preview] Block 39: Hướng dẫn viết đơn:...
[HTML Preview] Block 40: Về phần thông tin chung: Ghi chính xác thông tin của 02 vợ c...
[HTML Preview] Block 41: (1) Ghi chính xác thời điểm đăng ký kết hôn theo Giấy Đăng k...
[HTML Preview] Block 42: (2) Ghi chính xác thông tin các con và nêu rõ nguyện vọng nu...
[HTML Preview] Block 43: (3) Ghi chính xác thông tin tài sản yêu cầu Tòa án phân chia...
[HTML Preview] Block 44: (4) Liệt kê các khoản nợ, thời gian nợ, thời gian trả để Tòa...
[HTML Preview] Block 45: (5) Có thể ghi thêm các yêu cầu khác nếu có, ví dụ: cấp dưỡn...
[HTML Preview] Block 46: (Mẫu đơn này chỉ mang tính chất tham khảo)...
=== TOTAL BLOCKS IN HTML PREVIEW: 47 ===
INFO:     127.0.0.1:42949 - "GET /template-info/26cf888e-5908-487c-b734-2c446847848a HTTP/1.1" 200 OK
✓ Directory ensured: E:\Work\PhenikaaX\Placeholder-Word\backend\uploads
✓ Directory ensured: E:\Work\PhenikaaX\Placeholder-Word\backend\uploads\templates
✓ Directory ensured: E:\Work\PhenikaaX\Placeholder-Word\backend\uploads\results
✓ Directory ensured: E:\Work\PhenikaaX\Placeholder-Word\backend\uploads\images
=== STEP 1: Creating basic placeholders ===
Đang phân tích tài liệu...
Chuyển đổi hoàn tất! File đã lưu tại: E:\Work\PhenikaaX\Placeholder-Word\backend\uploads\templates\d0e43180-4d4b-427a-9b23-c38f84aff50a.docx
Basic fields created: ['tu_do_hanh_phuc', 'ngay_thang', 'nam', 'toa_an_nhan_dan', 'nguoi_khoi_kien', 'dia_chi', 'so_dien_thoai', 'so_fax', 'chi_thu_dien_tu', 'nguoi_bi_kien', 'dia_chi_2', 'so_dien_thoai_2', 'so_fax_2', 'chi_thu_dien_tu_2', 'toa_an_nhan_dan_2', 'quan_he_hon_nhan', 'duoc_ly_hon_voi', '2_ve_con_chung', '2_ve_con_chung_2', '3_ve_tai_san', '3_ve_tai_san_2', '4_ve_no_chung', '4_ve_no_chung_2', 'cac_yeu_cau_khac', 'cac_yeu_cau_khac_2', 'cap_duong_nuoi_con']
=== GENERATING HTML PREVIEW ===
[DEBUG] Document has 0 tables total
[DEBUG] Document has 5 relationships
[DEBUG] Document has 0 images
[DEBUG] Child #1: PARAGRAPH #1
[DEBUG] Child #2: PARAGRAPH #2
[DEBUG] Child #3: PARAGRAPH #3
[DEBUG] Child #4: PARAGRAPH #4
[DEBUG] Child #5: PARAGRAPH #5
[DEBUG] Child #6: PARAGRAPH #6
[DEBUG] Child #7: PARAGRAPH #7
[DEBUG] Child #8: PARAGRAPH #8
[DEBUG] Child #9: PARAGRAPH #9
[DEBUG] Child #10: PARAGRAPH #10
[DEBUG] Child #11: PARAGRAPH #11
[DEBUG] Child #12: PARAGRAPH #12
[DEBUG] Child #13: PARAGRAPH #13
[DEBUG] Child #14: PARAGRAPH #14
[DEBUG] Child #15: PARAGRAPH #15
[DEBUG] Child #16: PARAGRAPH #16
[DEBUG] Child #17: PARAGRAPH #17
[DEBUG] Child #18: PARAGRAPH #18
[DEBUG] Child #19: PARAGRAPH #19
[DEBUG] Child #20: PARAGRAPH #20
[DEBUG] Child #21: PARAGRAPH #21
[DEBUG] Child #22: PARAGRAPH #22
[DEBUG] Child #23: PARAGRAPH #23
[DEBUG] Child #24: PARAGRAPH #24
[DEBUG] Child #25: PARAGRAPH #25
[DEBUG] Child #26: PARAGRAPH #26
[DEBUG] Child #27: PARAGRAPH #27
[DEBUG] Child #28: PARAGRAPH #28
[DEBUG] Child #29: PARAGRAPH #29
[DEBUG] Child #30: PARAGRAPH #30
[DEBUG] Child #31: PARAGRAPH #31
[DEBUG] Child #32: PARAGRAPH #32
[DEBUG] Child #33: PARAGRAPH #33
[DEBUG] Child #34: PARAGRAPH #34
[DEBUG] Child #35: PARAGRAPH #35
[DEBUG] Child #36: PARAGRAPH #36
[DEBUG] Child #37: PARAGRAPH #37
[DEBUG] Child #38: PARAGRAPH #38
[DEBUG] Child #39: PARAGRAPH #39
[DEBUG] Child #40: PARAGRAPH #40
[DEBUG] Child #41: PARAGRAPH #41
[DEBUG] Child #42: PARAGRAPH #42
[DEBUG] Child #43: PARAGRAPH #43
[DEBUG] Child #44: PARAGRAPH #44
[DEBUG] Child #45: PARAGRAPH #45
[DEBUG] Child #46: PARAGRAPH #46
[DEBUG] Child #47: UNKNOWN TYPE (type: CT_SectPr, isinstance CT_Tbl: False, isinstance CT_P: False)
[DEBUG] Total children: 47 (tables: 0, paras: 46)
[HTML Preview] Block 0: CỘNG HÒA XÃ HỘI CHỦ NGHĨA VIỆT NAM...
[DEBUG] Paragraph #1 has 1 drawing(s)
[HTML Preview] Block 1: Độc lập - Tự do - Hạnh phúc...
[HTML Preview] Block 2: «tu_do_hanh_phuc», ngày  tháng «ngay_thang» năm«nam»...
[HTML Preview] Block 3: EMPTY LINE (selectable)
[HTML Preview] Block 4: ĐƠN XIN LY HÔN...
[HTML Preview] Block 5: EMPTY LINE (selectable)
[HTML Preview] Block 6: Kính gửi:  TÒA ÁN NHÂN DÂN «toa_an_nhan_dan»...
[HTML Preview] Block 7: Người khởi kiện:«nguoi_khoi_kien»...
[HTML Preview] Block 8: Địa chỉ:«dia_chi»...
[HTML Preview] Block 9: Số điện thoại: «so_dien_thoai»(nếu có); số fax: «so_fax»(nếu...
[HTML Preview] Block 10: Địa chỉ thư điện tử: «chi_thu_dien_tu» (nếu có)...
[HTML Preview] Block 11: Người bị kiện:«nguoi_bi_kien»...
[HTML Preview] Block 12: Địa chỉ:«dia_chi_2»...
[HTML Preview] Block 13: Số điện thoại: «so_dien_thoai_2»(nếu có); số fax: «so_fax_2»...
[HTML Preview] Block 14: Địa chỉ thư điện tử: «chi_thu_dien_tu_2» (nếu có)...
[HTML Preview] Block 15: Tôi xin yêu cầu Toà án nhân dân«toa_an_nhan_dan_2» giải quyế...
[HTML Preview] Block 16: 1. Về quan hệ hôn nhân (1):...
[HTML Preview] Block 17: «quan_he_hon_nhan»...
[HTML Preview] Block 18: Nay tôi có nguyện vọng được ly hôn với «duoc_ly_hon_voi»...
[HTML Preview] Block 19: 2. Về con chung (2):...
[HTML Preview] Block 20: - «2_ve_con_chung»...
[HTML Preview] Block 21: - «2_ve_con_chung_2»...
[HTML Preview] Block 22: 3. Về tài sản (3):...
[HTML Preview] Block 23: - «3_ve_tai_san»...
[HTML Preview] Block 24: - «3_ve_tai_san_2»...
[HTML Preview] Block 25: 4. Về nợ chung (4):...
[HTML Preview] Block 26: - «4_ve_no_chung»...
[HTML Preview] Block 27: - «4_ve_no_chung_2»...
[HTML Preview] Block 28: 5. Các yêu cầu khác (nếu có) (5):...
[HTML Preview] Block 29: - «cac_yeu_cau_khac»...
[HTML Preview] Block 30: - «cac_yeu_cau_khac_2»...
[HTML Preview] Block 31: Kính mong quý Tòa xem xét giải quyết trong thời hạn luật địn...
[HTML Preview] Block 32: Tôi xin trân trọng cảm ơn !...
[HTML Preview] Block 33: EMPTY LINE (selectable)
[HTML Preview] Block 34: Người khởi kiện...
[HTML Preview] Block 35: EMPTY LINE (selectable)
[HTML Preview] Block 36: EMPTY LINE (selectable)
[HTML Preview] Block 37: EMPTY LINE (selectable)
[HTML Preview] Block 38: Hướng dẫn viết đơn:...
[HTML Preview] Block 39: Về phần thông tin chung: Ghi chính xác thông tin của 02 vợ c...
[HTML Preview] Block 40: (1) Ghi chính xác thời điểm đăng ký kết hôn theo Giấy Đăng k...
[HTML Preview] Block 41: (2) Ghi chính xác thông tin các con và nêu rõ nguyện vọng nu...
[HTML Preview] Block 42: (3) Ghi chính xác thông tin tài sản yêu cầu Tòa án phân chia...
[HTML Preview] Block 43: (4) Liệt kê các khoản nợ, thời gian nợ, thời gian trả để Tòa...
[HTML Preview] Block 44: (5) Có thể ghi thêm các yêu cầu khác nếu có, ví dụ: cấp dưỡn...
[HTML Preview] Block 45: (Mẫu đơn này chỉ mang tính chất tham khảo)...
=== TOTAL BLOCKS IN HTML PREVIEW: 46 ===
=== HTML PREVIEW DEBUG ===
Fields detected: ['tu_do_hanh_phuc', 'ngay_thang', 'nam', 'toa_an_nhan_dan', 'nguoi_khoi_kien', 'dia_chi', 'so_dien_thoai', 'so_fax', 'chi_thu_dien_tu', 'nguoi_bi_kien', 'dia_chi_2', 'so_dien_thoai_2', 'so_fax_2', 'chi_thu_dien_tu_2', 'toa_an_nhan_dan_2', 'quan_he_hon_nhan', 'duoc_ly_hon_voi', '2_ve_con_chung', '2_ve_con_chung_2', '3_ve_tai_san', '3_ve_tai_san_2', '4_ve_no_chung', '4_ve_no_chung_2', 'cac_yeu_cau_khac', 'cac_yeu_cau_khac_2', 'cap_duong_nuoi_con']
HTML preview length: 22455
Contains mail-merge-placeholder: True
=== END DEBUG ===
INFO:     127.0.0.1:17074 - "POST /convert HTTP/1.1" 200 OK
[INFO] add_image_at_cursor called: template_id=d0e43180-4d4b-427a-9b23-c38f84aff50a, block_index=33, offset=0, width=1.5
[DEBUG] Image saved to: E:\Work\PhenikaaX\Placeholder-Word\backend\uploads\images\37b03f06-b071-4c6b-916e-155d23e5026d.png
[DEBUG] Mapped block_index=33 to paragraph_index=33
[INFO] Successfully added image at cursor position
=== GENERATING HTML PREVIEW ===
[DEBUG] Document has 0 tables total
[DEBUG] Document has 6 relationships
[DEBUG] Document has 1 images
[DEBUG] Child #1: PARAGRAPH #1
[DEBUG] Child #2: PARAGRAPH #2
[DEBUG] Child #3: PARAGRAPH #3
[DEBUG] Child #4: PARAGRAPH #4
[DEBUG] Child #5: PARAGRAPH #5
[DEBUG] Child #6: PARAGRAPH #6
[DEBUG] Child #7: PARAGRAPH #7
[DEBUG] Child #8: PARAGRAPH #8
[DEBUG] Child #9: PARAGRAPH #9
[DEBUG] Child #10: PARAGRAPH #10
[DEBUG] Child #11: PARAGRAPH #11
[DEBUG] Child #12: PARAGRAPH #12
[DEBUG] Child #13: PARAGRAPH #13
[DEBUG] Child #14: PARAGRAPH #14
[DEBUG] Child #15: PARAGRAPH #15
[DEBUG] Child #16: PARAGRAPH #16
[DEBUG] Child #17: PARAGRAPH #17
[DEBUG] Child #18: PARAGRAPH #18
[DEBUG] Child #19: PARAGRAPH #19
[DEBUG] Child #20: PARAGRAPH #20
[DEBUG] Child #21: PARAGRAPH #21
[DEBUG] Child #22: PARAGRAPH #22
[DEBUG] Child #23: PARAGRAPH #23
[DEBUG] Child #24: PARAGRAPH #24
[DEBUG] Child #25: PARAGRAPH #25
[DEBUG] Child #26: PARAGRAPH #26
[DEBUG] Child #27: PARAGRAPH #27
[DEBUG] Child #28: PARAGRAPH #28
[DEBUG] Child #29: PARAGRAPH #29
[DEBUG] Child #30: PARAGRAPH #30
[DEBUG] Child #31: PARAGRAPH #31
[DEBUG] Child #32: PARAGRAPH #32
[DEBUG] Child #33: PARAGRAPH #33
[DEBUG] Child #34: PARAGRAPH #34
[DEBUG] Child #35: PARAGRAPH #35
[DEBUG] Child #36: PARAGRAPH #36
[DEBUG] Child #37: PARAGRAPH #37
[DEBUG] Child #38: PARAGRAPH #38
[DEBUG] Child #39: PARAGRAPH #39
[DEBUG] Child #40: PARAGRAPH #40
[DEBUG] Child #41: PARAGRAPH #41
[DEBUG] Child #42: PARAGRAPH #42
[DEBUG] Child #43: PARAGRAPH #43
[DEBUG] Child #44: PARAGRAPH #44
[DEBUG] Child #45: PARAGRAPH #45
[DEBUG] Child #46: PARAGRAPH #46
[DEBUG] Child #47: PARAGRAPH #47
[DEBUG] Child #48: UNKNOWN TYPE (type: CT_SectPr, isinstance CT_Tbl: False, isinstance CT_P: False)
[DEBUG] Total children: 48 (tables: 0, paras: 47)
[HTML Preview] Block 0: CỘNG HÒA XÃ HỘI CHỦ NGHĨA VIỆT NAM...
[DEBUG] Paragraph #1 has 1 drawing(s)
[HTML Preview] Block 1: Độc lập - Tự do - Hạnh phúc...
[HTML Preview] Block 2: «tu_do_hanh_phuc», ngày  tháng «ngay_thang» năm«nam»...
[HTML Preview] Block 3: EMPTY LINE (selectable)
[HTML Preview] Block 4: ĐƠN XIN LY HÔN...
[HTML Preview] Block 5: EMPTY LINE (selectable)
[HTML Preview] Block 6: Kính gửi:  TÒA ÁN NHÂN DÂN «toa_an_nhan_dan»...
[HTML Preview] Block 7: Người khởi kiện:«nguoi_khoi_kien»...
[HTML Preview] Block 8: Địa chỉ:«dia_chi»...
[HTML Preview] Block 9: Số điện thoại: «so_dien_thoai»(nếu có); số fax: «so_fax»(nếu...
[HTML Preview] Block 10: Địa chỉ thư điện tử: «chi_thu_dien_tu» (nếu có)...
[HTML Preview] Block 11: Người bị kiện:«nguoi_bi_kien»...
[HTML Preview] Block 12: Địa chỉ:«dia_chi_2»...
[HTML Preview] Block 13: Số điện thoại: «so_dien_thoai_2»(nếu có); số fax: «so_fax_2»...
[HTML Preview] Block 14: Địa chỉ thư điện tử: «chi_thu_dien_tu_2» (nếu có)...
[HTML Preview] Block 15: Tôi xin yêu cầu Toà án nhân dân«toa_an_nhan_dan_2» giải quyế...
[HTML Preview] Block 16: 1. Về quan hệ hôn nhân (1):...
[HTML Preview] Block 17: «quan_he_hon_nhan»...
[HTML Preview] Block 18: Nay tôi có nguyện vọng được ly hôn với «duoc_ly_hon_voi»...
[HTML Preview] Block 19: 2. Về con chung (2):...
[HTML Preview] Block 20: - «2_ve_con_chung»...
[HTML Preview] Block 21: - «2_ve_con_chung_2»...
[HTML Preview] Block 22: 3. Về tài sản (3):...
[HTML Preview] Block 23: - «3_ve_tai_san»...
[HTML Preview] Block 24: - «3_ve_tai_san_2»...
[HTML Preview] Block 25: 4. Về nợ chung (4):...
[HTML Preview] Block 26: - «4_ve_no_chung»...
[HTML Preview] Block 27: - «4_ve_no_chung_2»...
[HTML Preview] Block 28: 5. Các yêu cầu khác (nếu có) (5):...
[HTML Preview] Block 29: - «cac_yeu_cau_khac»...
[HTML Preview] Block 30: - «cac_yeu_cau_khac_2»...
[HTML Preview] Block 31: Kính mong quý Tòa xem xét giải quyết trong thời hạn luật địn...
[HTML Preview] Block 32: Tôi xin trân trọng cảm ơn !...
[HTML Preview] Block 33: EMPTY LINE (selectable)
[DEBUG] Paragraph #34 has 1 drawing(s)
[DEBUG] Extracted image: image/png, 63071 bytes
[DEBUG] Found image in drawing element
[HTML Preview] Block 34: IMAGE ONLY (no text)
[HTML Preview] Block 35: Người khởi kiện...
[HTML Preview] Block 36: EMPTY LINE (selectable)
[HTML Preview] Block 37: EMPTY LINE (selectable)
[HTML Preview] Block 38: EMPTY LINE (selectable)
[HTML Preview] Block 39: Hướng dẫn viết đơn:...
[HTML Preview] Block 40: Về phần thông tin chung: Ghi chính xác thông tin của 02 vợ c...
[HTML Preview] Block 41: (1) Ghi chính xác thời điểm đăng ký kết hôn theo Giấy Đăng k...
[HTML Preview] Block 42: (2) Ghi chính xác thông tin các con và nêu rõ nguyện vọng nu...
[HTML Preview] Block 43: (3) Ghi chính xác thông tin tài sản yêu cầu Tòa án phân chia...
[HTML Preview] Block 44: (4) Liệt kê các khoản nợ, thời gian nợ, thời gian trả để Tòa...
[HTML Preview] Block 45: (5) Có thể ghi thêm các yêu cầu khác nếu có, ví dụ: cấp dưỡn...
[HTML Preview] Block 46: (Mẫu đơn này chỉ mang tính chất tham khảo)...
=== TOTAL BLOCKS IN HTML PREVIEW: 47 ===
INFO:     127.0.0.1:30713 - "POST /add-image-at-cursor HTTP/1.1" 200 OK
=== GENERATING HTML PREVIEW ===
[DEBUG] Document has 0 tables total
[DEBUG] Document has 6 relationships
[DEBUG] Document has 1 images
[DEBUG] Child #1: PARAGRAPH #1
[DEBUG] Child #2: PARAGRAPH #2
[DEBUG] Child #3: PARAGRAPH #3
[DEBUG] Child #4: PARAGRAPH #4
[DEBUG] Child #5: PARAGRAPH #5
[DEBUG] Child #6: PARAGRAPH #6
[DEBUG] Child #7: PARAGRAPH #7
[DEBUG] Child #8: PARAGRAPH #8
[DEBUG] Child #9: PARAGRAPH #9
[DEBUG] Child #10: PARAGRAPH #10
[DEBUG] Child #11: PARAGRAPH #11
[DEBUG] Child #12: PARAGRAPH #12
[DEBUG] Child #13: PARAGRAPH #13
[DEBUG] Child #14: PARAGRAPH #14
[DEBUG] Child #15: PARAGRAPH #15
[DEBUG] Child #16: PARAGRAPH #16
[DEBUG] Child #17: PARAGRAPH #17
[DEBUG] Child #18: PARAGRAPH #18
[DEBUG] Child #19: PARAGRAPH #19
[DEBUG] Child #20: PARAGRAPH #20
[DEBUG] Child #21: PARAGRAPH #21
[DEBUG] Child #22: PARAGRAPH #22
[DEBUG] Child #23: PARAGRAPH #23
[DEBUG] Child #24: PARAGRAPH #24
[DEBUG] Child #25: PARAGRAPH #25
[DEBUG] Child #26: PARAGRAPH #26
[DEBUG] Child #27: PARAGRAPH #27
[DEBUG] Child #28: PARAGRAPH #28
[DEBUG] Child #29: PARAGRAPH #29
[DEBUG] Child #30: PARAGRAPH #30
[DEBUG] Child #31: PARAGRAPH #31
[DEBUG] Child #32: PARAGRAPH #32
[DEBUG] Child #33: PARAGRAPH #33
[DEBUG] Child #34: PARAGRAPH #34
[DEBUG] Child #35: PARAGRAPH #35
[DEBUG] Child #36: PARAGRAPH #36
[DEBUG] Child #37: PARAGRAPH #37
[DEBUG] Child #38: PARAGRAPH #38
[DEBUG] Child #39: PARAGRAPH #39
[DEBUG] Child #40: PARAGRAPH #40
[DEBUG] Child #41: PARAGRAPH #41
[DEBUG] Child #42: PARAGRAPH #42
[DEBUG] Child #43: PARAGRAPH #43
[DEBUG] Child #44: PARAGRAPH #44
[DEBUG] Child #45: PARAGRAPH #45
[DEBUG] Child #46: PARAGRAPH #46
[DEBUG] Child #47: PARAGRAPH #47
[DEBUG] Child #48: UNKNOWN TYPE (type: CT_SectPr, isinstance CT_Tbl: False, isinstance CT_P: False)
[DEBUG] Total children: 48 (tables: 0, paras: 47)
[HTML Preview] Block 0: CỘNG HÒA XÃ HỘI CHỦ NGHĨA VIỆT NAM...
[DEBUG] Paragraph #1 has 1 drawing(s)
[HTML Preview] Block 1: Độc lập - Tự do - Hạnh phúc...
[HTML Preview] Block 2: «tu_do_hanh_phuc», ngày  tháng «ngay_thang» năm«nam»...
[HTML Preview] Block 3: EMPTY LINE (selectable)
[HTML Preview] Block 4: ĐƠN XIN LY HÔN...
[HTML Preview] Block 5: EMPTY LINE (selectable)
[HTML Preview] Block 6: Kính gửi:  TÒA ÁN NHÂN DÂN «toa_an_nhan_dan»...
[HTML Preview] Block 7: Người khởi kiện:«nguoi_khoi_kien»...
[HTML Preview] Block 8: Địa chỉ:«dia_chi»...
[HTML Preview] Block 9: Số điện thoại: «so_dien_thoai»(nếu có); số fax: «so_fax»(nếu...
[HTML Preview] Block 10: Địa chỉ thư điện tử: «chi_thu_dien_tu» (nếu có)...
[HTML Preview] Block 11: Người bị kiện:«nguoi_bi_kien»...
[HTML Preview] Block 12: Địa chỉ:«dia_chi_2»...
[HTML Preview] Block 13: Số điện thoại: «so_dien_thoai_2»(nếu có); số fax: «so_fax_2»...
[HTML Preview] Block 14: Địa chỉ thư điện tử: «chi_thu_dien_tu_2» (nếu có)...
[HTML Preview] Block 15: Tôi xin yêu cầu Toà án nhân dân«toa_an_nhan_dan_2» giải quyế...
[HTML Preview] Block 16: 1. Về quan hệ hôn nhân (1):...
[HTML Preview] Block 17: «quan_he_hon_nhan»...
[HTML Preview] Block 18: Nay tôi có nguyện vọng được ly hôn với «duoc_ly_hon_voi»...
[HTML Preview] Block 19: 2. Về con chung (2):...
[HTML Preview] Block 20: - «2_ve_con_chung»...
[HTML Preview] Block 21: - «2_ve_con_chung_2»...
[HTML Preview] Block 22: 3. Về tài sản (3):...
[HTML Preview] Block 23: - «3_ve_tai_san»...
[HTML Preview] Block 24: - «3_ve_tai_san_2»...
[HTML Preview] Block 25: 4. Về nợ chung (4):...
[HTML Preview] Block 26: - «4_ve_no_chung»...
[HTML Preview] Block 27: - «4_ve_no_chung_2»...
[HTML Preview] Block 28: 5. Các yêu cầu khác (nếu có) (5):...
[HTML Preview] Block 29: - «cac_yeu_cau_khac»...
[HTML Preview] Block 30: - «cac_yeu_cau_khac_2»...
[HTML Preview] Block 31: Kính mong quý Tòa xem xét giải quyết trong thời hạn luật địn...
[HTML Preview] Block 32: Tôi xin trân trọng cảm ơn !...
[HTML Preview] Block 33: EMPTY LINE (selectable)
[DEBUG] Paragraph #34 has 1 drawing(s)
[DEBUG] Extracted image: image/png, 63071 bytes
[DEBUG] Found image in drawing element
[HTML Preview] Block 34: IMAGE ONLY (no text)
[HTML Preview] Block 35: Người khởi kiện...
[HTML Preview] Block 36: EMPTY LINE (selectable)
[HTML Preview] Block 37: EMPTY LINE (selectable)
[HTML Preview] Block 38: EMPTY LINE (selectable)
[HTML Preview] Block 39: Hướng dẫn viết đơn:...
[HTML Preview] Block 40: Về phần thông tin chung: Ghi chính xác thông tin của 02 vợ c...
[HTML Preview] Block 41: (1) Ghi chính xác thời điểm đăng ký kết hôn theo Giấy Đăng k...
[HTML Preview] Block 42: (2) Ghi chính xác thông tin các con và nêu rõ nguyện vọng nu...
[HTML Preview] Block 43: (3) Ghi chính xác thông tin tài sản yêu cầu Tòa án phân chia...
[HTML Preview] Block 44: (4) Liệt kê các khoản nợ, thời gian nợ, thời gian trả để Tòa...
[HTML Preview] Block 45: (5) Có thể ghi thêm các yêu cầu khác nếu có, ví dụ: cấp dưỡn...
[HTML Preview] Block 46: (Mẫu đơn này chỉ mang tính chất tham khảo)...
=== TOTAL BLOCKS IN HTML PREVIEW: 47 ===
INFO:     127.0.0.1:30713 - "GET /template-info/d0e43180-4d4b-427a-9b23-c38f84aff50a HTTP/1.1" 200 OK
✓ Directory ensured: E:\Work\PhenikaaX\Placeholder-Word\backend\uploads
✓ Directory ensured: E:\Work\PhenikaaX\Placeholder-Word\backend\uploads\templates
✓ Directory ensured: E:\Work\PhenikaaX\Placeholder-Word\backend\uploads\results
✓ Directory ensured: E:\Work\PhenikaaX\Placeholder-Word\backend\uploads\images
INFO:     127.0.0.1:14978 - "POST /merge HTTP/1.1" 200 OK
=== GENERATING HTML PREVIEW ===
[DEBUG] Document has 0 tables total
[DEBUG] Document has 6 relationships
[DEBUG] Document has 1 images
[DEBUG] Child #1: PARAGRAPH #1
[DEBUG] Child #2: PARAGRAPH #2
[DEBUG] Child #3: PARAGRAPH #3
[DEBUG] Child #4: PARAGRAPH #4
[DEBUG] Child #5: PARAGRAPH #5
[DEBUG] Child #6: PARAGRAPH #6
[DEBUG] Child #7: PARAGRAPH #7
[DEBUG] Child #8: PARAGRAPH #8
[DEBUG] Child #9: PARAGRAPH #9
[DEBUG] Child #10: PARAGRAPH #10
[DEBUG] Child #11: PARAGRAPH #11
[DEBUG] Child #12: PARAGRAPH #12
[DEBUG] Child #13: PARAGRAPH #13
[DEBUG] Child #14: PARAGRAPH #14
[DEBUG] Child #15: PARAGRAPH #15
[DEBUG] Child #16: PARAGRAPH #16
[DEBUG] Child #17: PARAGRAPH #17
[DEBUG] Child #18: PARAGRAPH #18
[DEBUG] Child #19: PARAGRAPH #19
[DEBUG] Child #20: PARAGRAPH #20
[DEBUG] Child #21: PARAGRAPH #21
[DEBUG] Child #22: PARAGRAPH #22
[DEBUG] Child #23: PARAGRAPH #23
[DEBUG] Child #24: PARAGRAPH #24
[DEBUG] Child #25: PARAGRAPH #25
[DEBUG] Child #26: PARAGRAPH #26
[DEBUG] Child #27: PARAGRAPH #27
[DEBUG] Child #28: PARAGRAPH #28
[DEBUG] Child #29: PARAGRAPH #29
[DEBUG] Child #30: PARAGRAPH #30
[DEBUG] Child #31: PARAGRAPH #31
[DEBUG] Child #32: PARAGRAPH #32
[DEBUG] Child #33: PARAGRAPH #33
[DEBUG] Child #34: PARAGRAPH #34
[DEBUG] Child #35: PARAGRAPH #35
[DEBUG] Child #36: PARAGRAPH #36
[DEBUG] Child #37: PARAGRAPH #37
[DEBUG] Child #38: PARAGRAPH #38
[DEBUG] Child #39: PARAGRAPH #39
[DEBUG] Child #40: PARAGRAPH #40
[DEBUG] Child #41: PARAGRAPH #41
[DEBUG] Child #42: PARAGRAPH #42
[DEBUG] Child #43: PARAGRAPH #43
[DEBUG] Child #44: PARAGRAPH #44
[DEBUG] Child #45: PARAGRAPH #45
[DEBUG] Child #46: PARAGRAPH #46
[DEBUG] Child #47: PARAGRAPH #47
[DEBUG] Child #48: UNKNOWN TYPE (type: CT_SectPr, isinstance CT_Tbl: False, isinstance CT_P: False)
[DEBUG] Total children: 48 (tables: 0, paras: 47)
[HTML Preview] Block 0: CỘNG HÒA XÃ HỘI CHỦ NGHĨA VIỆT NAM...
[DEBUG] Paragraph #1 has 1 drawing(s)
[HTML Preview] Block 1: Độc lập - Tự do - Hạnh phúc...
[HTML Preview] Block 2: ……….., ngày  tháng …. năm….....
[HTML Preview] Block 3: EMPTY LINE (selectable)
[HTML Preview] Block 4: ĐƠN XIN LY HÔN...
[HTML Preview] Block 5: EMPTY LINE (selectable)
[HTML Preview] Block 6: Kính gửi:  TÒA ÁN NHÂN DÂN ……………….....
[HTML Preview] Block 7: Người khởi kiện:...............................................
[HTML Preview] Block 8: Địa chỉ:.......................................................
[HTML Preview] Block 9: Số điện thoại: …………………(nếu có); số fax: ………………….(nếu có)...
[HTML Preview] Block 10: Địa chỉ thư điện tử: 22 (nếu có)...
[HTML Preview] Block 11: Người bị kiện:.................................................
[HTML Preview] Block 12: Địa chỉ:.......................................................
[HTML Preview] Block 13: Số điện thoại: …………………(nếu có); số fax: ………………….(nếu có)...
[HTML Preview] Block 14: Địa chỉ thư điện tử: ……….......................................
[HTML Preview] Block 15: Tôi xin yêu cầu Toà án nhân dân………… giải quyết những vấn đề ...
[HTML Preview] Block 16: 1. Về quan hệ hôn nhân (1):...
[HTML Preview] Block 17: ...............................................................
[HTML Preview] Block 18: Nay tôi có nguyện vọng được ly hôn với ........................
[HTML Preview] Block 19: 2. Về con chung (2):...
[HTML Preview] Block 20: - .............................................................
[HTML Preview] Block 21: - .............................................................
[HTML Preview] Block 22: 3. Về tài sản (3):...
[HTML Preview] Block 23: - .............................................................
[HTML Preview] Block 24: - .............................................................
[HTML Preview] Block 25: 4. Về nợ chung (4):...
[HTML Preview] Block 26: - .............................................................
[HTML Preview] Block 27: - .............................................................
[HTML Preview] Block 28: 5. Các yêu cầu khác (nếu có) (5):...
[HTML Preview] Block 29: - .............................................................
[HTML Preview] Block 30: - .............................................................
[HTML Preview] Block 31: Kính mong quý Tòa xem xét giải quyết trong thời hạn luật địn...
[HTML Preview] Block 32: Tôi xin trân trọng cảm ơn !...
[HTML Preview] Block 33: EMPTY LINE (selectable)
[DEBUG] Paragraph #34 has 1 drawing(s)
[DEBUG] Extracted image: image/png, 63071 bytes
[DEBUG] Found image in drawing element
[HTML Preview] Block 34: IMAGE ONLY (no text)
[HTML Preview] Block 35: Người khởi kiện...
[HTML Preview] Block 36: EMPTY LINE (selectable)
[HTML Preview] Block 37: EMPTY LINE (selectable)
[HTML Preview] Block 38: EMPTY LINE (selectable)
[HTML Preview] Block 39: Hướng dẫn viết đơn:...
[HTML Preview] Block 40: Về phần thông tin chung: Ghi chính xác thông tin của 02 vợ c...
[HTML Preview] Block 41: (1) Ghi chính xác thời điểm đăng ký kết hôn theo Giấy Đăng k...
[HTML Preview] Block 42: (2) Ghi chính xác thông tin các con và nêu rõ nguyện vọng nu...
[HTML Preview] Block 43: (3) Ghi chính xác thông tin tài sản yêu cầu Tòa án phân chia...
[HTML Preview] Block 44: (4) Liệt kê các khoản nợ, thời gian nợ, thời gian trả để Tòa...
[HTML Preview] Block 45: (5) Có thể ghi thêm các yêu cầu khác nếu có, ví dụ: cấp dưỡn...
[HTML Preview] Block 46: (Mẫu đơn này chỉ mang tính chất tham khảo)...
=== TOTAL BLOCKS IN HTML PREVIEW: 47 ===
INFO:     127.0.0.1:14978 - "GET /preview/add69318-433f-4039-bc0d-760bd7e1c31d HTTP/1.1" 200 OK
INFO:     127.0.0.1:42094 - "GET /download/add69318-433f-4039-bc0d-760bd7e1c31d HTTP/1.1" 200 OK
✓ Directory ensured: E:\Work\PhenikaaX\Placeholder-Word\backend\uploads
✓ Directory ensured: E:\Work\PhenikaaX\Placeholder-Word\backend\uploads\templates
✓ Directory ensured: E:\Work\PhenikaaX\Placeholder-Word\backend\uploads\results
✓ Directory ensured: E:\Work\PhenikaaX\Placeholder-Word\backend\uploads\images
=== STEP 1: Creating basic placeholders ===
Đang phân tích tài liệu...
Chuyển đổi hoàn tất! File đã lưu tại: E:\Work\PhenikaaX\Placeholder-Word\backend\uploads\templates\74878184-c07a-4ff6-b982-63c314ed4c83.docx
Basic fields created: ['tu_do_hanh_phuc', 'ngay_thang', 'nam', 'toa_an_nhan_dan', 'nguoi_khoi_kien', 'dia_chi', 'so_dien_thoai', 'so_fax', 'nguoi_bi_kien', 'dia_chi_2', 'so_dien_thoai_2', 'so_fax_2', 'chi_thu_dien_tu', 'toa_an_nhan_dan_2', 'quan_he_hon_nhan', 'duoc_ly_hon_voi', '2_ve_con_chung', '2_ve_con_chung_2', '3_ve_tai_san', '3_ve_tai_san_2', '4_ve_no_chung', '4_ve_no_chung_2', 'cac_yeu_cau_khac', 'cac_yeu_cau_khac_2', 'cap_duong_nuoi_con']
=== GENERATING HTML PREVIEW ===
[DEBUG] Document has 0 tables total
[DEBUG] Document has 6 relationships
[DEBUG] Document has 1 images
[DEBUG] Child #1: PARAGRAPH #1
[DEBUG] Child #2: PARAGRAPH #2
[DEBUG] Child #3: PARAGRAPH #3
[DEBUG] Child #4: PARAGRAPH #4
[DEBUG] Child #5: PARAGRAPH #5
[DEBUG] Child #6: PARAGRAPH #6
[DEBUG] Child #7: PARAGRAPH #7
[DEBUG] Child #8: PARAGRAPH #8
[DEBUG] Child #9: PARAGRAPH #9
[DEBUG] Child #10: PARAGRAPH #10
[DEBUG] Child #11: PARAGRAPH #11
[DEBUG] Child #12: PARAGRAPH #12
[DEBUG] Child #13: PARAGRAPH #13
[DEBUG] Child #14: PARAGRAPH #14
[DEBUG] Child #15: PARAGRAPH #15
[DEBUG] Child #16: PARAGRAPH #16
[DEBUG] Child #17: PARAGRAPH #17
[DEBUG] Child #18: PARAGRAPH #18
[DEBUG] Child #19: PARAGRAPH #19
[DEBUG] Child #20: PARAGRAPH #20
[DEBUG] Child #21: PARAGRAPH #21
[DEBUG] Child #22: PARAGRAPH #22
[DEBUG] Child #23: PARAGRAPH #23
[DEBUG] Child #24: PARAGRAPH #24
[DEBUG] Child #25: PARAGRAPH #25
[DEBUG] Child #26: PARAGRAPH #26
[DEBUG] Child #27: PARAGRAPH #27
[DEBUG] Child #28: PARAGRAPH #28
[DEBUG] Child #29: PARAGRAPH #29
[DEBUG] Child #30: PARAGRAPH #30
[DEBUG] Child #31: PARAGRAPH #31
[DEBUG] Child #32: PARAGRAPH #32
[DEBUG] Child #33: PARAGRAPH #33
[DEBUG] Child #34: PARAGRAPH #34
[DEBUG] Child #35: PARAGRAPH #35
[DEBUG] Child #36: PARAGRAPH #36
[DEBUG] Child #37: PARAGRAPH #37
[DEBUG] Child #38: PARAGRAPH #38
[DEBUG] Child #39: PARAGRAPH #39
[DEBUG] Child #40: PARAGRAPH #40
[DEBUG] Child #41: PARAGRAPH #41
[DEBUG] Child #42: PARAGRAPH #42
[DEBUG] Child #43: PARAGRAPH #43
[DEBUG] Child #44: PARAGRAPH #44
[DEBUG] Child #45: PARAGRAPH #45
[DEBUG] Child #46: PARAGRAPH #46
[DEBUG] Child #47: PARAGRAPH #47
[DEBUG] Child #48: UNKNOWN TYPE (type: CT_SectPr, isinstance CT_Tbl: False, isinstance CT_P: False)
[DEBUG] Total children: 48 (tables: 0, paras: 47)
[HTML Preview] Block 0: CỘNG HÒA XÃ HỘI CHỦ NGHĨA VIỆT NAM...
[DEBUG] Paragraph #1 has 1 drawing(s)
[HTML Preview] Block 1: Độc lập - Tự do - Hạnh phúc...
[HTML Preview] Block 2: «tu_do_hanh_phuc», ngày  tháng «ngay_thang» năm«nam»...
[HTML Preview] Block 3: EMPTY LINE (selectable)
[HTML Preview] Block 4: ĐƠN XIN LY HÔN...
[HTML Preview] Block 5: EMPTY LINE (selectable)
[HTML Preview] Block 6: Kính gửi:  TÒA ÁN NHÂN DÂN «toa_an_nhan_dan»...
[HTML Preview] Block 7: Người khởi kiện:«nguoi_khoi_kien»...
[HTML Preview] Block 8: Địa chỉ:«dia_chi»...
[HTML Preview] Block 9: Số điện thoại: «so_dien_thoai»(nếu có); số fax: «so_fax»(nếu...
[HTML Preview] Block 10: Địa chỉ thư điện tử: 22 (nếu có)...
[HTML Preview] Block 11: Người bị kiện:«nguoi_bi_kien»...
[HTML Preview] Block 12: Địa chỉ:«dia_chi_2»...
[HTML Preview] Block 13: Số điện thoại: «so_dien_thoai_2»(nếu có); số fax: «so_fax_2»...
[HTML Preview] Block 14: Địa chỉ thư điện tử: «chi_thu_dien_tu» (nếu có)...
[HTML Preview] Block 15: Tôi xin yêu cầu Toà án nhân dân«toa_an_nhan_dan_2» giải quyế...
[HTML Preview] Block 16: 1. Về quan hệ hôn nhân (1):...
[HTML Preview] Block 17: «quan_he_hon_nhan»...
[HTML Preview] Block 18: Nay tôi có nguyện vọng được ly hôn với «duoc_ly_hon_voi»...
[HTML Preview] Block 19: 2. Về con chung (2):...
[HTML Preview] Block 20: - «2_ve_con_chung»...
[HTML Preview] Block 21: - «2_ve_con_chung_2»...
[HTML Preview] Block 22: 3. Về tài sản (3):...
[HTML Preview] Block 23: - «3_ve_tai_san»...
[HTML Preview] Block 24: - «3_ve_tai_san_2»...
[HTML Preview] Block 25: 4. Về nợ chung (4):...
[HTML Preview] Block 26: - «4_ve_no_chung»...
[HTML Preview] Block 27: - «4_ve_no_chung_2»...
[HTML Preview] Block 28: 5. Các yêu cầu khác (nếu có) (5):...
[HTML Preview] Block 29: - «cac_yeu_cau_khac»...
[HTML Preview] Block 30: - «cac_yeu_cau_khac_2»...
[HTML Preview] Block 31: Kính mong quý Tòa xem xét giải quyết trong thời hạn luật địn...
[HTML Preview] Block 32: Tôi xin trân trọng cảm ơn !...
[HTML Preview] Block 33: EMPTY LINE (selectable)
[DEBUG] Paragraph #34 has 1 drawing(s)
[DEBUG] Extracted image: image/png, 63071 bytes
[DEBUG] Found image in drawing element
[HTML Preview] Block 34: IMAGE ONLY (no text)
[HTML Preview] Block 35: Người khởi kiện...
[HTML Preview] Block 36: EMPTY LINE (selectable)
[HTML Preview] Block 37: EMPTY LINE (selectable)
[HTML Preview] Block 38: EMPTY LINE (selectable)
[HTML Preview] Block 39: Hướng dẫn viết đơn:...
[HTML Preview] Block 40: Về phần thông tin chung: Ghi chính xác thông tin của 02 vợ c...
[HTML Preview] Block 41: (1) Ghi chính xác thời điểm đăng ký kết hôn theo Giấy Đăng k...
[HTML Preview] Block 42: (2) Ghi chính xác thông tin các con và nêu rõ nguyện vọng nu...
[HTML Preview] Block 43: (3) Ghi chính xác thông tin tài sản yêu cầu Tòa án phân chia...
[HTML Preview] Block 44: (4) Liệt kê các khoản nợ, thời gian nợ, thời gian trả để Tòa...
[HTML Preview] Block 45: (5) Có thể ghi thêm các yêu cầu khác nếu có, ví dụ: cấp dưỡn...
[HTML Preview] Block 46: (Mẫu đơn này chỉ mang tính chất tham khảo)...
=== TOTAL BLOCKS IN HTML PREVIEW: 47 ===
=== HTML PREVIEW DEBUG ===
Fields detected: ['tu_do_hanh_phuc', 'ngay_thang', 'nam', 'toa_an_nhan_dan', 'nguoi_khoi_kien', 'dia_chi', 'so_dien_thoai', 'so_fax', 'nguoi_bi_kien', 'dia_chi_2', 'so_dien_thoai_2', 'so_fax_2', 'chi_thu_dien_tu', 'toa_an_nhan_dan_2', 'quan_he_hon_nhan', 'duoc_ly_hon_voi', '2_ve_con_chung', '2_ve_con_chung_2', '3_ve_tai_san', '3_ve_tai_san_2', '4_ve_no_chung', '4_ve_no_chung_2', 'cac_yeu_cau_khac', 'cac_yeu_cau_khac_2', 'cap_duong_nuoi_con']
HTML preview length: 106522
Contains mail-merge-placeholder: True
=== END DEBUG ===
INFO:     127.0.0.1:15244 - "POST /convert HTTP/1.1" 200 OK
✓ Directory ensured: E:\Work\PhenikaaX\Placeholder-Word\backend\uploads
✓ Directory ensured: E:\Work\PhenikaaX\Placeholder-Word\backend\uploads\templates
✓ Directory ensured: E:\Work\PhenikaaX\Placeholder-Word\backend\uploads\results
✓ Directory ensured: E:\Work\PhenikaaX\Placeholder-Word\backend\uploads\images
=== STEP 1: Creating basic placeholders ===
Đang phân tích tài liệu...
Chuyển đổi hoàn tất! File đã lưu tại: E:\Work\PhenikaaX\Placeholder-Word\backend\uploads\templates\40bd2043-2c59-455e-981b-a43cd4863d7f.docx
Basic fields created: ['tu_do_hanh_phuc', 'ngay_thang', 'nam', 'toa_an_nhan_dan', 'nguoi_khoi_kien', 'dia_chi', 'so_dien_thoai', 'so_fax', 'nguoi_bi_kien', 'dia_chi_2', 'so_dien_thoai_2', 'so_fax_2', 'chi_thu_dien_tu', 'toa_an_nhan_dan_2', 'quan_he_hon_nhan', 'duoc_ly_hon_voi', '2_ve_con_chung', '2_ve_con_chung_2', '3_ve_tai_san', '3_ve_tai_san_2', '4_ve_no_chung', '4_ve_no_chung_2', 'cac_yeu_cau_khac', 'cac_yeu_cau_khac_2', 'cap_duong_nuoi_con']
=== GENERATING HTML PREVIEW ===
[DEBUG] Document has 0 tables total
[DEBUG] Document has 6 relationships
[DEBUG] Document has 1 images
[DEBUG] Child #1: PARAGRAPH #1
[DEBUG] Child #2: PARAGRAPH #2
[DEBUG] Child #3: PARAGRAPH #3
[DEBUG] Child #4: PARAGRAPH #4
[DEBUG] Child #5: PARAGRAPH #5
[DEBUG] Child #6: PARAGRAPH #6
[DEBUG] Child #7: PARAGRAPH #7
[DEBUG] Child #8: PARAGRAPH #8
[DEBUG] Child #9: PARAGRAPH #9
[DEBUG] Child #10: PARAGRAPH #10
[DEBUG] Child #11: PARAGRAPH #11
[DEBUG] Child #12: PARAGRAPH #12
[DEBUG] Child #13: PARAGRAPH #13
[DEBUG] Child #14: PARAGRAPH #14
[DEBUG] Child #15: PARAGRAPH #15
[DEBUG] Child #16: PARAGRAPH #16
[DEBUG] Child #17: PARAGRAPH #17
[DEBUG] Child #18: PARAGRAPH #18
[DEBUG] Child #19: PARAGRAPH #19
[DEBUG] Child #20: PARAGRAPH #20
[DEBUG] Child #21: PARAGRAPH #21
[DEBUG] Child #22: PARAGRAPH #22
[DEBUG] Child #23: PARAGRAPH #23
[DEBUG] Child #24: PARAGRAPH #24
[DEBUG] Child #25: PARAGRAPH #25
[DEBUG] Child #26: PARAGRAPH #26
[DEBUG] Child #27: PARAGRAPH #27
[DEBUG] Child #28: PARAGRAPH #28
[DEBUG] Child #29: PARAGRAPH #29
[DEBUG] Child #30: PARAGRAPH #30
[DEBUG] Child #31: PARAGRAPH #31
[DEBUG] Child #32: PARAGRAPH #32
[DEBUG] Child #33: PARAGRAPH #33
[DEBUG] Child #34: PARAGRAPH #34
[DEBUG] Child #35: PARAGRAPH #35
[DEBUG] Child #36: PARAGRAPH #36
[DEBUG] Child #37: PARAGRAPH #37
[DEBUG] Child #38: PARAGRAPH #38
[DEBUG] Child #39: PARAGRAPH #39
[DEBUG] Child #40: PARAGRAPH #40
[DEBUG] Child #41: PARAGRAPH #41
[DEBUG] Child #42: PARAGRAPH #42
[DEBUG] Child #43: PARAGRAPH #43
[DEBUG] Child #44: PARAGRAPH #44
[DEBUG] Child #45: PARAGRAPH #45
[DEBUG] Child #46: PARAGRAPH #46
[DEBUG] Child #47: PARAGRAPH #47
[DEBUG] Child #48: UNKNOWN TYPE (type: CT_SectPr, isinstance CT_Tbl: False, isinstance CT_P: False)
[DEBUG] Total children: 48 (tables: 0, paras: 47)
[HTML Preview] Block 0: CỘNG HÒA XÃ HỘI CHỦ NGHĨA VIỆT NAM...
[DEBUG] Paragraph #1 has 1 drawing(s)
[HTML Preview] Block 1: Độc lập - Tự do - Hạnh phúc...
[HTML Preview] Block 2: «tu_do_hanh_phuc», ngày  tháng «ngay_thang» năm«nam»...
[HTML Preview] Block 3: EMPTY LINE (selectable)
[HTML Preview] Block 4: ĐƠN XIN LY HÔN...
[HTML Preview] Block 5: EMPTY LINE (selectable)
[HTML Preview] Block 6: Kính gửi:  TÒA ÁN NHÂN DÂN «toa_an_nhan_dan»...
[HTML Preview] Block 7: Người khởi kiện:«nguoi_khoi_kien»...
[HTML Preview] Block 8: Địa chỉ:«dia_chi»...
[HTML Preview] Block 9: Số điện thoại: «so_dien_thoai»(nếu có); số fax: «so_fax»(nếu...
[HTML Preview] Block 10: Địa chỉ thư điện tử: 22 (nếu có)...
[HTML Preview] Block 11: Người bị kiện:«nguoi_bi_kien»...
[HTML Preview] Block 12: Địa chỉ:«dia_chi_2»...
[HTML Preview] Block 13: Số điện thoại: «so_dien_thoai_2»(nếu có); số fax: «so_fax_2»...
[HTML Preview] Block 14: Địa chỉ thư điện tử: «chi_thu_dien_tu» (nếu có)...
[HTML Preview] Block 15: Tôi xin yêu cầu Toà án nhân dân«toa_an_nhan_dan_2» giải quyế...
[HTML Preview] Block 16: 1. Về quan hệ hôn nhân (1):...
[HTML Preview] Block 17: «quan_he_hon_nhan»...
[HTML Preview] Block 18: Nay tôi có nguyện vọng được ly hôn với «duoc_ly_hon_voi»...
[HTML Preview] Block 19: 2. Về con chung (2):...
[HTML Preview] Block 20: - «2_ve_con_chung»...
[HTML Preview] Block 21: - «2_ve_con_chung_2»...
[HTML Preview] Block 22: 3. Về tài sản (3):...
[HTML Preview] Block 23: - «3_ve_tai_san»...
[HTML Preview] Block 24: - «3_ve_tai_san_2»...
[HTML Preview] Block 25: 4. Về nợ chung (4):...
[HTML Preview] Block 26: - «4_ve_no_chung»...
[HTML Preview] Block 27: - «4_ve_no_chung_2»...
[HTML Preview] Block 28: 5. Các yêu cầu khác (nếu có) (5):...
[HTML Preview] Block 29: - «cac_yeu_cau_khac»...
[HTML Preview] Block 30: - «cac_yeu_cau_khac_2»...
[HTML Preview] Block 31: Kính mong quý Tòa xem xét giải quyết trong thời hạn luật địn...
[HTML Preview] Block 32: Tôi xin trân trọng cảm ơn !...
[HTML Preview] Block 33: EMPTY LINE (selectable)
[DEBUG] Paragraph #34 has 1 drawing(s)
[DEBUG] Extracted image: image/png, 63071 bytes
[DEBUG] Found image in drawing element
[HTML Preview] Block 34: IMAGE ONLY (no text)
[HTML Preview] Block 35: Người khởi kiện...
[HTML Preview] Block 36: EMPTY LINE (selectable)
[HTML Preview] Block 37: EMPTY LINE (selectable)
[HTML Preview] Block 38: EMPTY LINE (selectable)
[HTML Preview] Block 39: Hướng dẫn viết đơn:...
[HTML Preview] Block 40: Về phần thông tin chung: Ghi chính xác thông tin của 02 vợ c...
[HTML Preview] Block 41: (1) Ghi chính xác thời điểm đăng ký kết hôn theo Giấy Đăng k...
[HTML Preview] Block 42: (2) Ghi chính xác thông tin các con và nêu rõ nguyện vọng nu...
[HTML Preview] Block 43: (3) Ghi chính xác thông tin tài sản yêu cầu Tòa án phân chia...
[HTML Preview] Block 44: (4) Liệt kê các khoản nợ, thời gian nợ, thời gian trả để Tòa...
[HTML Preview] Block 45: (5) Có thể ghi thêm các yêu cầu khác nếu có, ví dụ: cấp dưỡn...
[HTML Preview] Block 46: (Mẫu đơn này chỉ mang tính chất tham khảo)...
=== TOTAL BLOCKS IN HTML PREVIEW: 47 ===
=== HTML PREVIEW DEBUG ===
Fields detected: ['tu_do_hanh_phuc', 'ngay_thang', 'nam', 'toa_an_nhan_dan', 'nguoi_khoi_kien', 'dia_chi', 'so_dien_thoai', 'so_fax', 'nguoi_bi_kien', 'dia_chi_2', 'so_dien_thoai_2', 'so_fax_2', 'chi_thu_dien_tu', 'toa_an_nhan_dan_2', 'quan_he_hon_nhan', 'duoc_ly_hon_voi', '2_ve_con_chung', '2_ve_con_chung_2', '3_ve_tai_san', '3_ve_tai_san_2', '4_ve_no_chung', '4_ve_no_chung_2', 'cac_yeu_cau_khac', 'cac_yeu_cau_khac_2', 'cap_duong_nuoi_con']
HTML preview length: 106522
Contains mail-merge-placeholder: True
=== END DEBUG ===
INFO:     127.0.0.1:32206 - "POST /convert HTTP/1.1" 200 OK
✓ Directory ensured: E:\Work\PhenikaaX\Placeholder-Word\backend\uploads
✓ Directory ensured: E:\Work\PhenikaaX\Placeholder-Word\backend\uploads\templates
✓ Directory ensured: E:\Work\PhenikaaX\Placeholder-Word\backend\uploads\results
✓ Directory ensured: E:\Work\PhenikaaX\Placeholder-Word\backend\uploads\images
=== STEP 1: Creating basic placeholders ===
Đang phân tích tài liệu...
Chuyển đổi hoàn tất! File đã lưu tại: E:\Work\PhenikaaX\Placeholder-Word\backend\uploads\templates\ad2ddc6c-d75f-4a6e-bb78-ac3f87c35ff4.docx
Basic fields created: ['tu_do_hanh_phuc', 'ngay_thang', 'nam', 'toa_an_nhan_dan', 'nguoi_khoi_kien', 'dia_chi', 'so_dien_thoai', 'so_fax', 'nguoi_bi_kien', 'dia_chi_2', 'so_dien_thoai_2', 'so_fax_2', 'chi_thu_dien_tu', 'toa_an_nhan_dan_2', 'quan_he_hon_nhan', 'duoc_ly_hon_voi', '2_ve_con_chung', '2_ve_con_chung_2', '3_ve_tai_san', '3_ve_tai_san_2', '4_ve_no_chung', '4_ve_no_chung_2', 'cac_yeu_cau_khac', 'cac_yeu_cau_khac_2', 'cap_duong_nuoi_con']
=== GENERATING HTML PREVIEW ===
[DEBUG] Document has 0 tables total
[DEBUG] Document has 6 relationships
[DEBUG] Document has 1 images
[DEBUG] Child #1: PARAGRAPH #1
[DEBUG] Child #2: PARAGRAPH #2
[DEBUG] Child #3: PARAGRAPH #3
[DEBUG] Child #4: PARAGRAPH #4
[DEBUG] Child #5: PARAGRAPH #5
[DEBUG] Child #6: PARAGRAPH #6
[DEBUG] Child #7: PARAGRAPH #7
[DEBUG] Child #8: PARAGRAPH #8
[DEBUG] Child #9: PARAGRAPH #9
[DEBUG] Child #10: PARAGRAPH #10
[DEBUG] Child #11: PARAGRAPH #11
[DEBUG] Child #12: PARAGRAPH #12
[DEBUG] Child #13: PARAGRAPH #13
[DEBUG] Child #14: PARAGRAPH #14
[DEBUG] Child #15: PARAGRAPH #15
[DEBUG] Child #16: PARAGRAPH #16
[DEBUG] Child #17: PARAGRAPH #17
[DEBUG] Child #18: PARAGRAPH #18
[DEBUG] Child #19: PARAGRAPH #19
[DEBUG] Child #20: PARAGRAPH #20
[DEBUG] Child #21: PARAGRAPH #21
[DEBUG] Child #22: PARAGRAPH #22
[DEBUG] Child #23: PARAGRAPH #23
[DEBUG] Child #24: PARAGRAPH #24
[DEBUG] Child #25: PARAGRAPH #25
[DEBUG] Child #26: PARAGRAPH #26
[DEBUG] Child #27: PARAGRAPH #27
[DEBUG] Child #28: PARAGRAPH #28
[DEBUG] Child #29: PARAGRAPH #29
[DEBUG] Child #30: PARAGRAPH #30
[DEBUG] Child #31: PARAGRAPH #31
[DEBUG] Child #32: PARAGRAPH #32
[DEBUG] Child #33: PARAGRAPH #33
[DEBUG] Child #34: PARAGRAPH #34
[DEBUG] Child #35: PARAGRAPH #35
[DEBUG] Child #36: PARAGRAPH #36
[DEBUG] Child #37: PARAGRAPH #37
[DEBUG] Child #38: PARAGRAPH #38
[DEBUG] Child #39: PARAGRAPH #39
[DEBUG] Child #40: PARAGRAPH #40
[DEBUG] Child #41: PARAGRAPH #41
[DEBUG] Child #42: PARAGRAPH #42
[DEBUG] Child #43: PARAGRAPH #43
[DEBUG] Child #44: PARAGRAPH #44
[DEBUG] Child #45: PARAGRAPH #45
[DEBUG] Child #46: PARAGRAPH #46
[DEBUG] Child #47: PARAGRAPH #47
[DEBUG] Child #48: UNKNOWN TYPE (type: CT_SectPr, isinstance CT_Tbl: False, isinstance CT_P: False)
[DEBUG] Total children: 48 (tables: 0, paras: 47)
[HTML Preview] Block 0: CỘNG HÒA XÃ HỘI CHỦ NGHĨA VIỆT NAM...
[DEBUG] Paragraph #1 has 1 drawing(s)
[HTML Preview] Block 1: Độc lập - Tự do - Hạnh phúc...
[HTML Preview] Block 2: «tu_do_hanh_phuc», ngày  tháng «ngay_thang» năm«nam»...
[HTML Preview] Block 3: EMPTY LINE (selectable)
[HTML Preview] Block 4: ĐƠN XIN LY HÔN...
[HTML Preview] Block 5: EMPTY LINE (selectable)
[HTML Preview] Block 6: Kính gửi:  TÒA ÁN NHÂN DÂN «toa_an_nhan_dan»...
[HTML Preview] Block 7: Người khởi kiện:«nguoi_khoi_kien»...
[HTML Preview] Block 8: Địa chỉ:«dia_chi»...
[HTML Preview] Block 9: Số điện thoại: «so_dien_thoai»(nếu có); số fax: «so_fax»(nếu...
[HTML Preview] Block 10: Địa chỉ thư điện tử: 22 (nếu có)...
[HTML Preview] Block 11: Người bị kiện:«nguoi_bi_kien»...
[HTML Preview] Block 12: Địa chỉ:«dia_chi_2»...
[HTML Preview] Block 13: Số điện thoại: «so_dien_thoai_2»(nếu có); số fax: «so_fax_2»...
[HTML Preview] Block 14: Địa chỉ thư điện tử: «chi_thu_dien_tu» (nếu có)...
[HTML Preview] Block 15: Tôi xin yêu cầu Toà án nhân dân«toa_an_nhan_dan_2» giải quyế...
[HTML Preview] Block 16: 1. Về quan hệ hôn nhân (1):...
[HTML Preview] Block 17: «quan_he_hon_nhan»...
[HTML Preview] Block 18: Nay tôi có nguyện vọng được ly hôn với «duoc_ly_hon_voi»...
[HTML Preview] Block 19: 2. Về con chung (2):...
[HTML Preview] Block 20: - «2_ve_con_chung»...
[HTML Preview] Block 21: - «2_ve_con_chung_2»...
[HTML Preview] Block 22: 3. Về tài sản (3):...
[HTML Preview] Block 23: - «3_ve_tai_san»...
[HTML Preview] Block 24: - «3_ve_tai_san_2»...
[HTML Preview] Block 25: 4. Về nợ chung (4):...
[HTML Preview] Block 26: - «4_ve_no_chung»...
[HTML Preview] Block 27: - «4_ve_no_chung_2»...
[HTML Preview] Block 28: 5. Các yêu cầu khác (nếu có) (5):...
[HTML Preview] Block 29: - «cac_yeu_cau_khac»...
[HTML Preview] Block 30: - «cac_yeu_cau_khac_2»...
[HTML Preview] Block 31: Kính mong quý Tòa xem xét giải quyết trong thời hạn luật địn...
[HTML Preview] Block 32: Tôi xin trân trọng cảm ơn !...
[HTML Preview] Block 33: EMPTY LINE (selectable)
[DEBUG] Paragraph #34 has 1 drawing(s)
[DEBUG] Extracted image: image/png, 63071 bytes
[DEBUG] Found image in drawing element
[HTML Preview] Block 34: IMAGE ONLY (no text)
[HTML Preview] Block 35: Người khởi kiện...
[HTML Preview] Block 36: EMPTY LINE (selectable)
[HTML Preview] Block 37: EMPTY LINE (selectable)
[HTML Preview] Block 38: EMPTY LINE (selectable)
[HTML Preview] Block 39: Hướng dẫn viết đơn:...
[HTML Preview] Block 40: Về phần thông tin chung: Ghi chính xác thông tin của 02 vợ c...
[HTML Preview] Block 41: (1) Ghi chính xác thời điểm đăng ký kết hôn theo Giấy Đăng k...
[HTML Preview] Block 42: (2) Ghi chính xác thông tin các con và nêu rõ nguyện vọng nu...
[HTML Preview] Block 43: (3) Ghi chính xác thông tin tài sản yêu cầu Tòa án phân chia...
[HTML Preview] Block 44: (4) Liệt kê các khoản nợ, thời gian nợ, thời gian trả để Tòa...
[HTML Preview] Block 45: (5) Có thể ghi thêm các yêu cầu khác nếu có, ví dụ: cấp dưỡn...
[HTML Preview] Block 46: (Mẫu đơn này chỉ mang tính chất tham khảo)...
=== TOTAL BLOCKS IN HTML PREVIEW: 47 ===
=== HTML PREVIEW DEBUG ===
Fields detected: ['tu_do_hanh_phuc', 'ngay_thang', 'nam', 'toa_an_nhan_dan', 'nguoi_khoi_kien', 'dia_chi', 'so_dien_thoai', 'so_fax', 'nguoi_bi_kien', 'dia_chi_2', 'so_dien_thoai_2', 'so_fax_2', 'chi_thu_dien_tu', 'toa_an_nhan_dan_2', 'quan_he_hon_nhan', 'duoc_ly_hon_voi', '2_ve_con_chung', '2_ve_con_chung_2', '3_ve_tai_san', '3_ve_tai_san_2', '4_ve_no_chung', '4_ve_no_chung_2', 'cac_yeu_cau_khac', 'cac_yeu_cau_khac_2', 'cap_duong_nuoi_con']
HTML preview length: 106522
Contains mail-merge-placeholder: True
=== END DEBUG ===
INFO:     127.0.0.1:22758 - "POST /convert HTTP/1.1" 200 OK
✓ Directory ensured: E:\Work\PhenikaaX\Placeholder-Word\backend\uploads
✓ Directory ensured: E:\Work\PhenikaaX\Placeholder-Word\backend\uploads\templates
✓ Directory ensured: E:\Work\PhenikaaX\Placeholder-Word\backend\uploads\results
✓ Directory ensured: E:\Work\PhenikaaX\Placeholder-Word\backend\uploads\images
=== STEP 1: Creating basic placeholders ===
Đang phân tích tài liệu...
Chuyển đổi hoàn tất! File đã lưu tại: E:\Work\PhenikaaX\Placeholder-Word\backend\uploads\templates\7124801d-eb9e-45aa-ab74-5901a1e7da2c.docx
Basic fields created: ['tu_do_hanh_phuc', 'ngay_thang', 'nam', 'toa_an_nhan_dan', 'nguoi_khoi_kien', 'dia_chi', 'so_dien_thoai', 'so_fax', 'nguoi_bi_kien', 'dia_chi_2', 'so_dien_thoai_2', 'so_fax_2', 'chi_thu_dien_tu', 'toa_an_nhan_dan_2', 'quan_he_hon_nhan', 'duoc_ly_hon_voi', '2_ve_con_chung', '2_ve_con_chung_2', '3_ve_tai_san', '3_ve_tai_san_2', '4_ve_no_chung', '4_ve_no_chung_2', 'cac_yeu_cau_khac', 'cac_yeu_cau_khac_2', 'cap_duong_nuoi_con']
=== GENERATING HTML PREVIEW ===
[DEBUG] Document has 0 tables total
[DEBUG] Document has 6 relationships
[DEBUG] Document has 1 images
[DEBUG] Child #1: PARAGRAPH #1
[DEBUG] Child #2: PARAGRAPH #2
[DEBUG] Child #3: PARAGRAPH #3
[DEBUG] Child #4: PARAGRAPH #4
[DEBUG] Child #5: PARAGRAPH #5
[DEBUG] Child #6: PARAGRAPH #6
[DEBUG] Child #7: PARAGRAPH #7
[DEBUG] Child #8: PARAGRAPH #8
[DEBUG] Child #9: PARAGRAPH #9
[DEBUG] Child #10: PARAGRAPH #10
[DEBUG] Child #11: PARAGRAPH #11
[DEBUG] Child #12: PARAGRAPH #12
[DEBUG] Child #13: PARAGRAPH #13
[DEBUG] Child #14: PARAGRAPH #14
[DEBUG] Child #15: PARAGRAPH #15
[DEBUG] Child #16: PARAGRAPH #16
[DEBUG] Child #17: PARAGRAPH #17
[DEBUG] Child #18: PARAGRAPH #18
[DEBUG] Child #19: PARAGRAPH #19
[DEBUG] Child #20: PARAGRAPH #20
[DEBUG] Child #21: PARAGRAPH #21
[DEBUG] Child #22: PARAGRAPH #22
[DEBUG] Child #23: PARAGRAPH #23
[DEBUG] Child #24: PARAGRAPH #24
[DEBUG] Child #25: PARAGRAPH #25
[DEBUG] Child #26: PARAGRAPH #26
[DEBUG] Child #27: PARAGRAPH #27
[DEBUG] Child #28: PARAGRAPH #28
[DEBUG] Child #29: PARAGRAPH #29
[DEBUG] Child #30: PARAGRAPH #30
[DEBUG] Child #31: PARAGRAPH #31
[DEBUG] Child #32: PARAGRAPH #32
[DEBUG] Child #33: PARAGRAPH #33
[DEBUG] Child #34: PARAGRAPH #34
[DEBUG] Child #35: PARAGRAPH #35
[DEBUG] Child #36: PARAGRAPH #36
[DEBUG] Child #37: PARAGRAPH #37
[DEBUG] Child #38: PARAGRAPH #38
[DEBUG] Child #39: PARAGRAPH #39
[DEBUG] Child #40: PARAGRAPH #40
[DEBUG] Child #41: PARAGRAPH #41
[DEBUG] Child #42: PARAGRAPH #42
[DEBUG] Child #43: PARAGRAPH #43
[DEBUG] Child #44: PARAGRAPH #44
[DEBUG] Child #45: PARAGRAPH #45
[DEBUG] Child #46: PARAGRAPH #46
[DEBUG] Child #47: PARAGRAPH #47
[DEBUG] Child #48: UNKNOWN TYPE (type: CT_SectPr, isinstance CT_Tbl: False, isinstance CT_P: False)
[DEBUG] Total children: 48 (tables: 0, paras: 47)
[HTML Preview] Block 0: CỘNG HÒA XÃ HỘI CHỦ NGHĨA VIỆT NAM...
[DEBUG] Paragraph #1 has 1 drawing(s)
[HTML Preview] Block 1: Độc lập - Tự do - Hạnh phúc...
[HTML Preview] Block 2: «tu_do_hanh_phuc», ngày  tháng «ngay_thang» năm«nam»...
[HTML Preview] Block 3: EMPTY LINE (selectable)
[HTML Preview] Block 4: ĐƠN XIN LY HÔN...
[HTML Preview] Block 5: EMPTY LINE (selectable)
[HTML Preview] Block 6: Kính gửi:  TÒA ÁN NHÂN DÂN «toa_an_nhan_dan»...
[HTML Preview] Block 7: Người khởi kiện:«nguoi_khoi_kien»...
[HTML Preview] Block 8: Địa chỉ:«dia_chi»...
[HTML Preview] Block 9: Số điện thoại: «so_dien_thoai»(nếu có); số fax: «so_fax»(nếu...
[HTML Preview] Block 10: Địa chỉ thư điện tử: 22 (nếu có)...
[HTML Preview] Block 11: Người bị kiện:«nguoi_bi_kien»...
[HTML Preview] Block 12: Địa chỉ:«dia_chi_2»...
[HTML Preview] Block 13: Số điện thoại: «so_dien_thoai_2»(nếu có); số fax: «so_fax_2»...
[HTML Preview] Block 14: Địa chỉ thư điện tử: «chi_thu_dien_tu» (nếu có)...
[HTML Preview] Block 15: Tôi xin yêu cầu Toà án nhân dân«toa_an_nhan_dan_2» giải quyế...
[HTML Preview] Block 16: 1. Về quan hệ hôn nhân (1):...
[HTML Preview] Block 17: «quan_he_hon_nhan»...
[HTML Preview] Block 18: Nay tôi có nguyện vọng được ly hôn với «duoc_ly_hon_voi»...
[HTML Preview] Block 19: 2. Về con chung (2):...
[HTML Preview] Block 20: - «2_ve_con_chung»...
[HTML Preview] Block 21: - «2_ve_con_chung_2»...
[HTML Preview] Block 22: 3. Về tài sản (3):...
[HTML Preview] Block 23: - «3_ve_tai_san»...
[HTML Preview] Block 24: - «3_ve_tai_san_2»...
[HTML Preview] Block 25: 4. Về nợ chung (4):...
[HTML Preview] Block 26: - «4_ve_no_chung»...
[HTML Preview] Block 27: - «4_ve_no_chung_2»...
[HTML Preview] Block 28: 5. Các yêu cầu khác (nếu có) (5):...
[HTML Preview] Block 29: - «cac_yeu_cau_khac»...
[HTML Preview] Block 30: - «cac_yeu_cau_khac_2»...
[HTML Preview] Block 31: Kính mong quý Tòa xem xét giải quyết trong thời hạn luật địn...
[HTML Preview] Block 32: Tôi xin trân trọng cảm ơn !...
[HTML Preview] Block 33: EMPTY LINE (selectable)
[DEBUG] Paragraph #34 has 1 drawing(s)
[DEBUG] Extracted image: image/png, 63071 bytes
[DEBUG] Found image in drawing element
[HTML Preview] Block 34: IMAGE ONLY (no text)
[HTML Preview] Block 35: Người khởi kiện...
[HTML Preview] Block 36: EMPTY LINE (selectable)
[HTML Preview] Block 37: EMPTY LINE (selectable)
[HTML Preview] Block 38: EMPTY LINE (selectable)
[HTML Preview] Block 39: Hướng dẫn viết đơn:...
[HTML Preview] Block 40: Về phần thông tin chung: Ghi chính xác thông tin của 02 vợ c...
[HTML Preview] Block 41: (1) Ghi chính xác thời điểm đăng ký kết hôn theo Giấy Đăng k...
[HTML Preview] Block 42: (2) Ghi chính xác thông tin các con và nêu rõ nguyện vọng nu...
[HTML Preview] Block 43: (3) Ghi chính xác thông tin tài sản yêu cầu Tòa án phân chia...
[HTML Preview] Block 44: (4) Liệt kê các khoản nợ, thời gian nợ, thời gian trả để Tòa...
[HTML Preview] Block 45: (5) Có thể ghi thêm các yêu cầu khác nếu có, ví dụ: cấp dưỡn...
[HTML Preview] Block 46: (Mẫu đơn này chỉ mang tính chất tham khảo)...
=== TOTAL BLOCKS IN HTML PREVIEW: 47 ===
=== HTML PREVIEW DEBUG ===
Fields detected: ['tu_do_hanh_phuc', 'ngay_thang', 'nam', 'toa_an_nhan_dan', 'nguoi_khoi_kien', 'dia_chi', 'so_dien_thoai', 'so_fax', 'nguoi_bi_kien', 'dia_chi_2', 'so_dien_thoai_2', 'so_fax_2', 'chi_thu_dien_tu', 'toa_an_nhan_dan_2', 'quan_he_hon_nhan', 'duoc_ly_hon_voi', '2_ve_con_chung', '2_ve_con_chung_2', '3_ve_tai_san', '3_ve_tai_san_2', '4_ve_no_chung', '4_ve_no_chung_2', 'cac_yeu_cau_khac', 'cac_yeu_cau_khac_2', 'cap_duong_nuoi_con']
HTML preview length: 106522
Contains mail-merge-placeholder: True
=== END DEBUG ===
INFO:     127.0.0.1:35191 - "POST /convert HTTP/1.1" 200 OK
✓ Directory ensured: E:\Work\PhenikaaX\Placeholder-Word\backend\uploads
✓ Directory ensured: E:\Work\PhenikaaX\Placeholder-Word\backend\uploads\templates
✓ Directory ensured: E:\Work\PhenikaaX\Placeholder-Word\backend\uploads\results
✓ Directory ensured: E:\Work\PhenikaaX\Placeholder-Word\backend\uploads\images
=== STEP 1: Creating basic placeholders ===
Đang phân tích tài liệu...
Chuyển đổi hoàn tất! File đã lưu tại: E:\Work\PhenikaaX\Placeholder-Word\backend\uploads\templates\8c0b41fd-fa0e-4c2f-ad0f-44d6bf1a261c.docx
Basic fields created: ['tu_do_hanh_phuc', 'ngay_thang', 'nam', 'toa_an_nhan_dan', 'nguoi_khoi_kien', 'dia_chi', 'so_dien_thoai', 'so_fax', 'nguoi_bi_kien', 'dia_chi_2', 'so_dien_thoai_2', 'so_fax_2', 'chi_thu_dien_tu', 'toa_an_nhan_dan_2', 'quan_he_hon_nhan', 'duoc_ly_hon_voi', '2_ve_con_chung', '2_ve_con_chung_2', '3_ve_tai_san', '3_ve_tai_san_2', '4_ve_no_chung', '4_ve_no_chung_2', 'cac_yeu_cau_khac', 'cac_yeu_cau_khac_2', 'cap_duong_nuoi_con']
=== GENERATING HTML PREVIEW ===
[DEBUG] Document has 0 tables total
[DEBUG] Document has 6 relationships
[DEBUG] Document has 1 images
[DEBUG] Child #1: PARAGRAPH #1
[DEBUG] Child #2: PARAGRAPH #2
[DEBUG] Child #3: PARAGRAPH #3
[DEBUG] Child #4: PARAGRAPH #4
[DEBUG] Child #5: PARAGRAPH #5
[DEBUG] Child #6: PARAGRAPH #6
[DEBUG] Child #7: PARAGRAPH #7
[DEBUG] Child #8: PARAGRAPH #8
[DEBUG] Child #9: PARAGRAPH #9
[DEBUG] Child #10: PARAGRAPH #10
[DEBUG] Child #11: PARAGRAPH #11
[DEBUG] Child #12: PARAGRAPH #12
[DEBUG] Child #13: PARAGRAPH #13
[DEBUG] Child #14: PARAGRAPH #14
[DEBUG] Child #15: PARAGRAPH #15
[DEBUG] Child #16: PARAGRAPH #16
[DEBUG] Child #17: PARAGRAPH #17
[DEBUG] Child #18: PARAGRAPH #18
[DEBUG] Child #19: PARAGRAPH #19
[DEBUG] Child #20: PARAGRAPH #20
[DEBUG] Child #21: PARAGRAPH #21
[DEBUG] Child #22: PARAGRAPH #22
[DEBUG] Child #23: PARAGRAPH #23
[DEBUG] Child #24: PARAGRAPH #24
[DEBUG] Child #25: PARAGRAPH #25
[DEBUG] Child #26: PARAGRAPH #26
[DEBUG] Child #27: PARAGRAPH #27
[DEBUG] Child #28: PARAGRAPH #28
[DEBUG] Child #29: PARAGRAPH #29
[DEBUG] Child #30: PARAGRAPH #30
[DEBUG] Child #31: PARAGRAPH #31
[DEBUG] Child #32: PARAGRAPH #32
[DEBUG] Child #33: PARAGRAPH #33
[DEBUG] Child #34: PARAGRAPH #34
[DEBUG] Child #35: PARAGRAPH #35
[DEBUG] Child #36: PARAGRAPH #36
[DEBUG] Child #37: PARAGRAPH #37
[DEBUG] Child #38: PARAGRAPH #38
[DEBUG] Child #39: PARAGRAPH #39
[DEBUG] Child #40: PARAGRAPH #40
[DEBUG] Child #41: PARAGRAPH #41
[DEBUG] Child #42: PARAGRAPH #42
[DEBUG] Child #43: PARAGRAPH #43
[DEBUG] Child #44: PARAGRAPH #44
[DEBUG] Child #45: PARAGRAPH #45
[DEBUG] Child #46: PARAGRAPH #46
[DEBUG] Child #47: PARAGRAPH #47
[DEBUG] Child #48: UNKNOWN TYPE (type: CT_SectPr, isinstance CT_Tbl: False, isinstance CT_P: False)
[DEBUG] Total children: 48 (tables: 0, paras: 47)
[HTML Preview] Block 0: CỘNG HÒA XÃ HỘI CHỦ NGHĨA VIỆT NAM...
[DEBUG] Paragraph #1 has 1 drawing(s)
[HTML Preview] Block 1: Độc lập - Tự do - Hạnh phúc...
[HTML Preview] Block 2: «tu_do_hanh_phuc», ngày  tháng «ngay_thang» năm«nam»...
[HTML Preview] Block 3: EMPTY LINE (selectable)
[HTML Preview] Block 4: ĐƠN XIN LY HÔN...
[HTML Preview] Block 5: EMPTY LINE (selectable)
[HTML Preview] Block 6: Kính gửi:  TÒA ÁN NHÂN DÂN «toa_an_nhan_dan»...
[HTML Preview] Block 7: Người khởi kiện:«nguoi_khoi_kien»...
[HTML Preview] Block 8: Địa chỉ:«dia_chi»...
[HTML Preview] Block 9: Số điện thoại: «so_dien_thoai»(nếu có); số fax: «so_fax»(nếu...
[HTML Preview] Block 10: Địa chỉ thư điện tử: 22 (nếu có)...
[HTML Preview] Block 11: Người bị kiện:«nguoi_bi_kien»...
[HTML Preview] Block 12: Địa chỉ:«dia_chi_2»...
[HTML Preview] Block 13: Số điện thoại: «so_dien_thoai_2»(nếu có); số fax: «so_fax_2»...
[HTML Preview] Block 14: Địa chỉ thư điện tử: «chi_thu_dien_tu» (nếu có)...
[HTML Preview] Block 15: Tôi xin yêu cầu Toà án nhân dân«toa_an_nhan_dan_2» giải quyế...
[HTML Preview] Block 16: 1. Về quan hệ hôn nhân (1):...
[HTML Preview] Block 17: «quan_he_hon_nhan»...
[HTML Preview] Block 18: Nay tôi có nguyện vọng được ly hôn với «duoc_ly_hon_voi»...
[HTML Preview] Block 19: 2. Về con chung (2):...
[HTML Preview] Block 20: - «2_ve_con_chung»...
[HTML Preview] Block 21: - «2_ve_con_chung_2»...
[HTML Preview] Block 22: 3. Về tài sản (3):...
[HTML Preview] Block 23: - «3_ve_tai_san»...
[HTML Preview] Block 24: - «3_ve_tai_san_2»...
[HTML Preview] Block 25: 4. Về nợ chung (4):...
[HTML Preview] Block 26: - «4_ve_no_chung»...
[HTML Preview] Block 27: - «4_ve_no_chung_2»...
[HTML Preview] Block 28: 5. Các yêu cầu khác (nếu có) (5):...
[HTML Preview] Block 29: - «cac_yeu_cau_khac»...
[HTML Preview] Block 30: - «cac_yeu_cau_khac_2»...
[HTML Preview] Block 31: Kính mong quý Tòa xem xét giải quyết trong thời hạn luật địn...
[HTML Preview] Block 32: Tôi xin trân trọng cảm ơn !...
[HTML Preview] Block 33: EMPTY LINE (selectable)
[DEBUG] Paragraph #34 has 1 drawing(s)
[DEBUG] Extracted image: image/png, 63071 bytes
[DEBUG] Found image in drawing element
[HTML Preview] Block 34: IMAGE ONLY (no text)
[HTML Preview] Block 35: Người khởi kiện...
[HTML Preview] Block 36: EMPTY LINE (selectable)
[HTML Preview] Block 37: EMPTY LINE (selectable)
[HTML Preview] Block 38: EMPTY LINE (selectable)
[HTML Preview] Block 39: Hướng dẫn viết đơn:...
[HTML Preview] Block 40: Về phần thông tin chung: Ghi chính xác thông tin của 02 vợ c...
[HTML Preview] Block 41: (1) Ghi chính xác thời điểm đăng ký kết hôn theo Giấy Đăng k...
[HTML Preview] Block 42: (2) Ghi chính xác thông tin các con và nêu rõ nguyện vọng nu...
[HTML Preview] Block 43: (3) Ghi chính xác thông tin tài sản yêu cầu Tòa án phân chia...
[HTML Preview] Block 44: (4) Liệt kê các khoản nợ, thời gian nợ, thời gian trả để Tòa...
[HTML Preview] Block 45: (5) Có thể ghi thêm các yêu cầu khác nếu có, ví dụ: cấp dưỡn...
[HTML Preview] Block 46: (Mẫu đơn này chỉ mang tính chất tham khảo)...
=== TOTAL BLOCKS IN HTML PREVIEW: 47 ===
=== HTML PREVIEW DEBUG ===
Fields detected: ['tu_do_hanh_phuc', 'ngay_thang', 'nam', 'toa_an_nhan_dan', 'nguoi_khoi_kien', 'dia_chi', 'so_dien_thoai', 'so_fax', 'nguoi_bi_kien', 'dia_chi_2', 'so_dien_thoai_2', 'so_fax_2', 'chi_thu_dien_tu', 'toa_an_nhan_dan_2', 'quan_he_hon_nhan', 'duoc_ly_hon_voi', '2_ve_con_chung', '2_ve_con_chung_2', '3_ve_tai_san', '3_ve_tai_san_2', '4_ve_no_chung', '4_ve_no_chung_2', 'cac_yeu_cau_khac', 'cac_yeu_cau_khac_2', 'cap_duong_nuoi_con']
HTML preview length: 106522
Contains mail-merge-placeholder: True
=== END DEBUG ===
INFO:     127.0.0.1:38757 - "POST /convert HTTP/1.1" 200 OK
✓ Directory ensured: E:\Work\PhenikaaX\Placeholder-Word\backend\uploads
✓ Directory ensured: E:\Work\PhenikaaX\Placeholder-Word\backend\uploads\templates
✓ Directory ensured: E:\Work\PhenikaaX\Placeholder-Word\backend\uploads\results
✓ Directory ensured: E:\Work\PhenikaaX\Placeholder-Word\backend\uploads\images
=== STEP 1: Creating basic placeholders ===
Đang phân tích tài liệu...
Chuyển đổi hoàn tất! File đã lưu tại: E:\Work\PhenikaaX\Placeholder-Word\backend\uploads\templates\b515967b-2978-4695-8cbc-df1e1cb58135.docx
Basic fields created: ['tu_do_hanh_phuc', 'ngay_thang', 'nam', 'toa_an_nhan_dan', 'nguoi_khoi_kien', 'dia_chi', 'so_dien_thoai', 'so_fax', 'nguoi_bi_kien', 'dia_chi_2', 'so_dien_thoai_2', 'so_fax_2', 'chi_thu_dien_tu', 'toa_an_nhan_dan_2', 'quan_he_hon_nhan', 'duoc_ly_hon_voi', '2_ve_con_chung', '2_ve_con_chung_2', '3_ve_tai_san', '3_ve_tai_san_2', '4_ve_no_chung', '4_ve_no_chung_2', 'cac_yeu_cau_khac', 'cac_yeu_cau_khac_2', 'cap_duong_nuoi_con']
=== GENERATING HTML PREVIEW ===
[DEBUG] Document has 0 tables total
[DEBUG] Document has 6 relationships
[DEBUG] Document has 1 images
[DEBUG] Child #1: PARAGRAPH #1
[DEBUG] Child #2: PARAGRAPH #2
[DEBUG] Child #3: PARAGRAPH #3
[DEBUG] Child #4: PARAGRAPH #4
[DEBUG] Child #5: PARAGRAPH #5
[DEBUG] Child #6: PARAGRAPH #6
[DEBUG] Child #7: PARAGRAPH #7
[DEBUG] Child #8: PARAGRAPH #8
[DEBUG] Child #9: PARAGRAPH #9
[DEBUG] Child #10: PARAGRAPH #10
[DEBUG] Child #11: PARAGRAPH #11
[DEBUG] Child #12: PARAGRAPH #12
[DEBUG] Child #13: PARAGRAPH #13
[DEBUG] Child #14: PARAGRAPH #14
[DEBUG] Child #15: PARAGRAPH #15
[DEBUG] Child #16: PARAGRAPH #16
[DEBUG] Child #17: PARAGRAPH #17
[DEBUG] Child #18: PARAGRAPH #18
[DEBUG] Child #19: PARAGRAPH #19
[DEBUG] Child #20: PARAGRAPH #20
[DEBUG] Child #21: PARAGRAPH #21
[DEBUG] Child #22: PARAGRAPH #22
[DEBUG] Child #23: PARAGRAPH #23
[DEBUG] Child #24: PARAGRAPH #24
[DEBUG] Child #25: PARAGRAPH #25
[DEBUG] Child #26: PARAGRAPH #26
[DEBUG] Child #27: PARAGRAPH #27
[DEBUG] Child #28: PARAGRAPH #28
[DEBUG] Child #29: PARAGRAPH #29
[DEBUG] Child #30: PARAGRAPH #30
[DEBUG] Child #31: PARAGRAPH #31
[DEBUG] Child #32: PARAGRAPH #32
[DEBUG] Child #33: PARAGRAPH #33
[DEBUG] Child #34: PARAGRAPH #34
[DEBUG] Child #35: PARAGRAPH #35
[DEBUG] Child #36: PARAGRAPH #36
[DEBUG] Child #37: PARAGRAPH #37
[DEBUG] Child #38: PARAGRAPH #38
[DEBUG] Child #39: PARAGRAPH #39
[DEBUG] Child #40: PARAGRAPH #40
[DEBUG] Child #41: PARAGRAPH #41
[DEBUG] Child #42: PARAGRAPH #42
[DEBUG] Child #43: PARAGRAPH #43
[DEBUG] Child #44: PARAGRAPH #44
[DEBUG] Child #45: PARAGRAPH #45
[DEBUG] Child #46: PARAGRAPH #46
[DEBUG] Child #47: PARAGRAPH #47
[DEBUG] Child #48: UNKNOWN TYPE (type: CT_SectPr, isinstance CT_Tbl: False, isinstance CT_P: False)
[DEBUG] Total children: 48 (tables: 0, paras: 47)
[HTML Preview] Block 0: CỘNG HÒA XÃ HỘI CHỦ NGHĨA VIỆT NAM...
[DEBUG] Paragraph #1 has 1 drawing(s)
[HTML Preview] Block 1: Độc lập - Tự do - Hạnh phúc...
[HTML Preview] Block 2: «tu_do_hanh_phuc», ngày  tháng «ngay_thang» năm«nam»...
[HTML Preview] Block 3: EMPTY LINE (selectable)
[HTML Preview] Block 4: ĐƠN XIN LY HÔN...
[HTML Preview] Block 5: EMPTY LINE (selectable)
[HTML Preview] Block 6: Kính gửi:  TÒA ÁN NHÂN DÂN «toa_an_nhan_dan»...
[HTML Preview] Block 7: Người khởi kiện:«nguoi_khoi_kien»...
[HTML Preview] Block 8: Địa chỉ:«dia_chi»...
[HTML Preview] Block 9: Số điện thoại: «so_dien_thoai»(nếu có); số fax: «so_fax»(nếu...
[HTML Preview] Block 10: Địa chỉ thư điện tử: 22 (nếu có)...
[HTML Preview] Block 11: Người bị kiện:«nguoi_bi_kien»...
[HTML Preview] Block 12: Địa chỉ:«dia_chi_2»...
[HTML Preview] Block 13: Số điện thoại: «so_dien_thoai_2»(nếu có); số fax: «so_fax_2»...
[HTML Preview] Block 14: Địa chỉ thư điện tử: «chi_thu_dien_tu» (nếu có)...
[HTML Preview] Block 15: Tôi xin yêu cầu Toà án nhân dân«toa_an_nhan_dan_2» giải quyế...
[HTML Preview] Block 16: 1. Về quan hệ hôn nhân (1):...
[HTML Preview] Block 17: «quan_he_hon_nhan»...
[HTML Preview] Block 18: Nay tôi có nguyện vọng được ly hôn với «duoc_ly_hon_voi»...
[HTML Preview] Block 19: 2. Về con chung (2):...
[HTML Preview] Block 20: - «2_ve_con_chung»...
[HTML Preview] Block 21: - «2_ve_con_chung_2»...
[HTML Preview] Block 22: 3. Về tài sản (3):...
[HTML Preview] Block 23: - «3_ve_tai_san»...
[HTML Preview] Block 24: - «3_ve_tai_san_2»...
[HTML Preview] Block 25: 4. Về nợ chung (4):...
[HTML Preview] Block 26: - «4_ve_no_chung»...
[HTML Preview] Block 27: - «4_ve_no_chung_2»...
[HTML Preview] Block 28: 5. Các yêu cầu khác (nếu có) (5):...
[HTML Preview] Block 29: - «cac_yeu_cau_khac»...
[HTML Preview] Block 30: - «cac_yeu_cau_khac_2»...
[HTML Preview] Block 31: Kính mong quý Tòa xem xét giải quyết trong thời hạn luật địn...
[HTML Preview] Block 32: Tôi xin trân trọng cảm ơn !...
[HTML Preview] Block 33: EMPTY LINE (selectable)
[DEBUG] Paragraph #34 has 1 drawing(s)
[DEBUG] Extracted image: image/png, 63071 bytes
[DEBUG] Found image in drawing element
[HTML Preview] Block 34: IMAGE ONLY (no text)
[HTML Preview] Block 35: Người khởi kiện...
[HTML Preview] Block 36: EMPTY LINE (selectable)
[HTML Preview] Block 37: EMPTY LINE (selectable)
[HTML Preview] Block 38: EMPTY LINE (selectable)
[HTML Preview] Block 39: Hướng dẫn viết đơn:...
[HTML Preview] Block 40: Về phần thông tin chung: Ghi chính xác thông tin của 02 vợ c...
[HTML Preview] Block 41: (1) Ghi chính xác thời điểm đăng ký kết hôn theo Giấy Đăng k...
[HTML Preview] Block 42: (2) Ghi chính xác thông tin các con và nêu rõ nguyện vọng nu...
[HTML Preview] Block 43: (3) Ghi chính xác thông tin tài sản yêu cầu Tòa án phân chia...
[HTML Preview] Block 44: (4) Liệt kê các khoản nợ, thời gian nợ, thời gian trả để Tòa...
[HTML Preview] Block 45: (5) Có thể ghi thêm các yêu cầu khác nếu có, ví dụ: cấp dưỡn...
[HTML Preview] Block 46: (Mẫu đơn này chỉ mang tính chất tham khảo)...
=== TOTAL BLOCKS IN HTML PREVIEW: 47 ===
=== HTML PREVIEW DEBUG ===
Fields detected: ['tu_do_hanh_phuc', 'ngay_thang', 'nam', 'toa_an_nhan_dan', 'nguoi_khoi_kien', 'dia_chi', 'so_dien_thoai', 'so_fax', 'nguoi_bi_kien', 'dia_chi_2', 'so_dien_thoai_2', 'so_fax_2', 'chi_thu_dien_tu', 'toa_an_nhan_dan_2', 'quan_he_hon_nhan', 'duoc_ly_hon_voi', '2_ve_con_chung', '2_ve_con_chung_2', '3_ve_tai_san', '3_ve_tai_san_2', '4_ve_no_chung', '4_ve_no_chung_2', 'cac_yeu_cau_khac', 'cac_yeu_cau_khac_2', 'cap_duong_nuoi_con']
HTML preview length: 106522
Contains mail-merge-placeholder: True
=== END DEBUG ===
INFO:     127.0.0.1:51249 - "POST /convert HTTP/1.1" 200 OK
✓ Directory ensured: E:\Work\PhenikaaX\Placeholder-Word\backend\uploads
✓ Directory ensured: E:\Work\PhenikaaX\Placeholder-Word\backend\uploads\templates
✓ Directory ensured: E:\Work\PhenikaaX\Placeholder-Word\backend\uploads\results
✓ Directory ensured: E:\Work\PhenikaaX\Placeholder-Word\backend\uploads\images
=== STEP 1: Creating basic placeholders ===
Đang phân tích tài liệu...
Chuyển đổi hoàn tất! File đã lưu tại: E:\Work\PhenikaaX\Placeholder-Word\backend\uploads\templates\99254f95-85ce-44aa-b64c-ea6ee4cf7e5b.docx
Basic fields created: ['22_ngay_thang', 'nam', 'toa_an_nhan_dan', 'nguoi_khoi_kien', 'dia_chi', 'so_dien_thoai', 'so_fax', 'chi_thu_dien_tu', 'nguoi_bi_kien', 'dia_chi_2', 'so_dien_thoai_2', 'so_fax_2', 'chi_thu_dien_tu_2', 'toa_an_nhan_dan_2', 'quan_he_hon_nhan', 'duoc_ly_hon_voi', '2_ve_con_chung', '3_ve_tai_san', '3_ve_tai_san_2', '4_ve_no_chung', 'cac_yeu_cau_khac', 'cac_yeu_cau_khac_2', 'cap_duong_nuoi_con']
=== GENERATING HTML PREVIEW ===
[DEBUG] Document has 1 tables total
[DEBUG] Document has 6 relationships
[DEBUG] Document has 1 images
[DEBUG] Child #1: PARAGRAPH #1
[DEBUG] Child #2: PARAGRAPH #2
[DEBUG] Child #3: PARAGRAPH #3
[DEBUG] Child #4: PARAGRAPH #4
[DEBUG] Child #5: PARAGRAPH #5
[DEBUG] Child #6: PARAGRAPH #6
[DEBUG] Child #7: PARAGRAPH #7
[DEBUG] Child #8: PARAGRAPH #8
[DEBUG] Child #9: PARAGRAPH #9
[DEBUG] Child #10: PARAGRAPH #10
[DEBUG] Child #11: PARAGRAPH #11
[DEBUG] Child #12: PARAGRAPH #12
[DEBUG] Child #13: PARAGRAPH #13
[DEBUG] Child #14: PARAGRAPH #14
[DEBUG] Child #15: PARAGRAPH #15
[DEBUG] Child #16: PARAGRAPH #16
[DEBUG] Child #17: PARAGRAPH #17
[DEBUG] Child #18: PARAGRAPH #18
[DEBUG] Child #19: PARAGRAPH #19
[DEBUG] Child #20: PARAGRAPH #20
[DEBUG] Child #21: PARAGRAPH #21
[DEBUG] Child #22: PARAGRAPH #22
[DEBUG] Child #23: PARAGRAPH #23
[DEBUG] Child #24: PARAGRAPH #24
[DEBUG] Child #25: PARAGRAPH #25
[DEBUG] Child #26: PARAGRAPH #26
[DEBUG] Child #27: PARAGRAPH #27
[DEBUG] Child #28: PARAGRAPH #28
[DEBUG] Child #29: PARAGRAPH #29
[DEBUG] Child #30: PARAGRAPH #30
[DEBUG] Child #31: PARAGRAPH #31
[DEBUG] Child #32: PARAGRAPH #32
[DEBUG] Child #33: PARAGRAPH #33
[DEBUG] Child #34: PARAGRAPH #34
[DEBUG] Child #35: TABLE #1 (type: CT_Tbl)
[DEBUG] Child #36: PARAGRAPH #35
[DEBUG] Child #37: PARAGRAPH #36
[DEBUG] Child #38: PARAGRAPH #37
[DEBUG] Child #39: PARAGRAPH #38
[DEBUG] Child #40: PARAGRAPH #39
[DEBUG] Child #41: PARAGRAPH #40
[DEBUG] Child #42: PARAGRAPH #41
[DEBUG] Child #43: PARAGRAPH #42
[DEBUG] Child #44: PARAGRAPH #43
[DEBUG] Child #45: PARAGRAPH #44
[DEBUG] Child #46: PARAGRAPH #45
[DEBUG] Child #47: PARAGRAPH #46
[DEBUG] Child #48: PARAGRAPH #47
[DEBUG] Child #49: UNKNOWN TYPE (type: CT_SectPr, isinstance CT_Tbl: False, isinstance CT_P: False)
[DEBUG] Total children: 49 (tables: 1, paras: 47)
[HTML Preview] Block 0: CỘNG HÒA XÃ HỘI CHỦ NGHĨA VIỆT NAM...
[DEBUG] Paragraph #1 has 1 drawing(s)
[HTML Preview] Block 1: Độc lập - Tự do - Hạnh phúc...
[HTML Preview] Block 2: 22, ngày  tháng «22_ngay_thang» năm«nam»...
[HTML Preview] Block 3: EMPTY LINE (selectable)
[HTML Preview] Block 4: ĐƠN XIN LY HÔN...
[HTML Preview] Block 5: EMPTY LINE (selectable)
[HTML Preview] Block 6: Kính gửi:  TÒA ÁN NHÂN DÂN «toa_an_nhan_dan»...
[HTML Preview] Block 7: Người khởi kiện:«nguoi_khoi_kien»...
[HTML Preview] Block 8: Địa chỉ:«dia_chi»...
[HTML Preview] Block 9: Số điện thoại: «so_dien_thoai»(nếu có); số fax: «so_fax»(nếu...
[HTML Preview] Block 10: Địa chỉ thư điện tử: «chi_thu_dien_tu» (nếu có)...
[HTML Preview] Block 11: Người bị kiện:«nguoi_bi_kien»...
[HTML Preview] Block 12: Địa chỉ:«dia_chi_2»...
[HTML Preview] Block 13: Số điện thoại: «so_dien_thoai_2»(nếu có); số fax: «so_fax_2»...
[HTML Preview] Block 14: Địa chỉ thư điện tử: «chi_thu_dien_tu_2» (nếu có)...
[HTML Preview] Block 15: Tôi xin yêu cầu Toà án nhân dân«toa_an_nhan_dan_2» giải quyế...
[HTML Preview] Block 16: 1. Về quan hệ hôn nhân (1):...
[HTML Preview] Block 17: «quan_he_hon_nhan»...
[HTML Preview] Block 18: Nay tôi có nguyện vọng được ly hôn với «duoc_ly_hon_voi»...
[HTML Preview] Block 19: 2. Về con chung (2):...
[HTML Preview] Block 20: - «2_ve_con_chung»...
[HTML Preview] Block 21: - 22...
[HTML Preview] Block 22: 3. Về tài sản (3):...
[HTML Preview] Block 23: - «3_ve_tai_san»...
[HTML Preview] Block 24: - «3_ve_tai_san_2»...
[HTML Preview] Block 25: 4. Về nợ chung (4):...
[HTML Preview] Block 26: - 22...
[HTML Preview] Block 27: - «4_ve_no_chung»...
[HTML Preview] Block 28: 5. Các yêu cầu khác (nếu có) (5):...
[HTML Preview] Block 29: - «cac_yeu_cau_khac»...
[HTML Preview] Block 30: - «cac_yeu_cau_khac_2»...
[HTML Preview] Block 31: Kính mong quý Tòa xem xét giải quyết trong thời hạn luật địn...
[HTML Preview] Block 32: Tôi xin trân trọng cảm ơn !...
[DEBUG] Paragraph #33 has 1 drawing(s)
[DEBUG] Extracted image: image/png, 63071 bytes
[DEBUG] Found image in drawing element
[HTML Preview] Block 33: IMAGE ONLY (no text)
[DEBUG] Processing TABLE #0 with 3 rows, 4 columns
[HTML Preview] Block 39: TABLE_CELL[1,1] - aaaa aaa...
[HTML Preview] Block 40: TABLE_CELL[1,2] - aaa...
[_process_table_to_html] START Processing table 0 with 3 rows, 4 columns
[_process_table_to_html] Cell[0,0]: text="(empty)", has_content=False
[_process_table_to_html] Cell[0,1]: text="(empty)", has_content=False
[_process_table_to_html] Cell[0,2]: text="(empty)", has_content=False
[_process_table_to_html] Cell[0,2] vertical-align: middle
[_process_table_to_html] Cell[0,3]: text="(empty)", has_content=False
[_process_table_to_html] Cell[1,0]: text="(empty)", has_content=False
[_process_table_to_html] Cell[1,1]: text="aaaa aaa", has_content=True
[_process_table_to_html] Cell[1,1] vertical-align: middle
[_process_table_to_html] Cell[1,2]: text="aaa", has_content=True
[_process_table_to_html] Cell[1,3]: text="(empty)", has_content=False
[_process_table_to_html] Cell[2,0]: text="(empty)", has_content=False
[_process_table_to_html] Cell[2,0] vertical-align: middle
[_process_table_to_html] Cell[2,1]: text="(empty)", has_content=False
[_process_table_to_html] Cell[2,2]: text="(empty)", has_content=False
[_process_table_to_html] Cell[2,3]: text="(empty)", has_content=False
[_process_table_to_html] END Processed 12 cells, HTML length: 7111
[_process_table_to_html] HTML preview: <table class="docx-table" data-type="table" style="border-collapse: collapse; width: 100%; margin: 10px 0;">
<tr style="border: 1px solid #ccc;">
<th data-block-index="34" data-type="table_cell" data-...
[DEBUG] Added table HTML to preview, table 0, has_content: True, HTML length: 7111
[HTML Preview] Block 46: EMPTY LINE (selectable)
[HTML Preview] Block 47: Người khởi kiện...
[HTML Preview] Block 48: EMPTY LINE (selectable)
[HTML Preview] Block 49: EMPTY LINE (selectable)
[HTML Preview] Block 50: EMPTY LINE (selectable)
[HTML Preview] Block 51: Hướng dẫn viết đơn:...
[HTML Preview] Block 52: Về phần thông tin chung: Ghi chính xác thông tin của 02 vợ c...
[HTML Preview] Block 53: (1) Ghi chính xác thời điểm đăng ký kết hôn theo Giấy Đăng k...
[HTML Preview] Block 54: (2) Ghi chính xác thông tin các con và nêu rõ nguyện vọng nu...
[HTML Preview] Block 55: (3) Ghi chính xác thông tin tài sản yêu cầu Tòa án phân chia...
[HTML Preview] Block 56: (4) Liệt kê các khoản nợ, thời gian nợ, thời gian trả để Tòa...
[HTML Preview] Block 57: (5) Có thể ghi thêm các yêu cầu khác nếu có, ví dụ: cấp dưỡn...
[HTML Preview] Block 58: (Mẫu đơn này chỉ mang tính chất tham khảo)...
=== TOTAL BLOCKS IN HTML PREVIEW: 59 ===
=== HTML PREVIEW DEBUG ===
Fields detected: ['22_ngay_thang', 'nam', 'toa_an_nhan_dan', 'nguoi_khoi_kien', 'dia_chi', 'so_dien_thoai', 'so_fax', 'chi_thu_dien_tu', 'nguoi_bi_kien', 'dia_chi_2', 'so_dien_thoai_2', 'so_fax_2', 'chi_thu_dien_tu_2', 'toa_an_nhan_dan_2', 'quan_he_hon_nhan', 'duoc_ly_hon_voi', '2_ve_con_chung', '3_ve_tai_san', '3_ve_tai_san_2', '4_ve_no_chung', 'cac_yeu_cau_khac', 'cac_yeu_cau_khac_2', 'cap_duong_nuoi_con']
HTML preview length: 112959
Contains mail-merge-placeholder: True
=== END DEBUG ===
INFO:     127.0.0.1:23402 - "POST /convert HTTP/1.1" 200 OK
✓ Directory ensured: E:\Work\PhenikaaX\Placeholder-Word\backend\uploads
✓ Directory ensured: E:\Work\PhenikaaX\Placeholder-Word\backend\uploads\templates
✓ Directory ensured: E:\Work\PhenikaaX\Placeholder-Word\backend\uploads\results
✓ Directory ensured: E:\Work\PhenikaaX\Placeholder-Word\backend\uploads\images
=== STEP 1: Creating basic placeholders ===
Đang phân tích tài liệu...
Chuyển đổi hoàn tất! File đã lưu tại: E:\Work\PhenikaaX\Placeholder-Word\backend\uploads\templates\6b82d189-d76d-4e88-9e09-d97762d17825.docx
Basic fields created: ['tu_do_hanh_phuc', 'ngay_thang', 'nam', 'toa_an_nhan_dan', 'nguoi_khoi_kien', 'dia_chi', 'so_dien_thoai', 'so_fax', 'nguoi_bi_kien', 'dia_chi_2', 'so_dien_thoai_2', 'so_fax_2', 'chi_thu_dien_tu', 'toa_an_nhan_dan_2', 'quan_he_hon_nhan', 'duoc_ly_hon_voi', '2_ve_con_chung', '2_ve_con_chung_2', '3_ve_tai_san', '3_ve_tai_san_2', '4_ve_no_chung', '4_ve_no_chung_2', 'cac_yeu_cau_khac', 'cac_yeu_cau_khac_2', 'cap_duong_nuoi_con']
=== GENERATING HTML PREVIEW ===
[DEBUG] Document has 0 tables total
[DEBUG] Document has 6 relationships
[DEBUG] Document has 1 images
[DEBUG] Child #1: PARAGRAPH #1
[DEBUG] Child #2: PARAGRAPH #2
[DEBUG] Child #3: PARAGRAPH #3
[DEBUG] Child #4: PARAGRAPH #4
[DEBUG] Child #5: PARAGRAPH #5
[DEBUG] Child #6: PARAGRAPH #6
[DEBUG] Child #7: PARAGRAPH #7
[DEBUG] Child #8: PARAGRAPH #8
[DEBUG] Child #9: PARAGRAPH #9
[DEBUG] Child #10: PARAGRAPH #10
[DEBUG] Child #11: PARAGRAPH #11
[DEBUG] Child #12: PARAGRAPH #12
[DEBUG] Child #13: PARAGRAPH #13
[DEBUG] Child #14: PARAGRAPH #14
[DEBUG] Child #15: PARAGRAPH #15
[DEBUG] Child #16: PARAGRAPH #16
[DEBUG] Child #17: PARAGRAPH #17
[DEBUG] Child #18: PARAGRAPH #18
[DEBUG] Child #19: PARAGRAPH #19
[DEBUG] Child #20: PARAGRAPH #20
[DEBUG] Child #21: PARAGRAPH #21
[DEBUG] Child #22: PARAGRAPH #22
[DEBUG] Child #23: PARAGRAPH #23
[DEBUG] Child #24: PARAGRAPH #24
[DEBUG] Child #25: PARAGRAPH #25
[DEBUG] Child #26: PARAGRAPH #26
[DEBUG] Child #27: PARAGRAPH #27
[DEBUG] Child #28: PARAGRAPH #28
[DEBUG] Child #29: PARAGRAPH #29
[DEBUG] Child #30: PARAGRAPH #30
[DEBUG] Child #31: PARAGRAPH #31
[DEBUG] Child #32: PARAGRAPH #32
[DEBUG] Child #33: PARAGRAPH #33
[DEBUG] Child #34: PARAGRAPH #34
[DEBUG] Child #35: PARAGRAPH #35
[DEBUG] Child #36: PARAGRAPH #36
[DEBUG] Child #37: PARAGRAPH #37
[DEBUG] Child #38: PARAGRAPH #38
[DEBUG] Child #39: PARAGRAPH #39
[DEBUG] Child #40: PARAGRAPH #40
[DEBUG] Child #41: PARAGRAPH #41
[DEBUG] Child #42: PARAGRAPH #42
[DEBUG] Child #43: PARAGRAPH #43
[DEBUG] Child #44: PARAGRAPH #44
[DEBUG] Child #45: PARAGRAPH #45
[DEBUG] Child #46: PARAGRAPH #46
[DEBUG] Child #47: PARAGRAPH #47
[DEBUG] Child #48: UNKNOWN TYPE (type: CT_SectPr, isinstance CT_Tbl: False, isinstance CT_P: False)
[DEBUG] Total children: 48 (tables: 0, paras: 47)
[HTML Preview] Block 0: CỘNG HÒA XÃ HỘI CHỦ NGHĨA VIỆT NAM...
[DEBUG] Paragraph #1 has 1 drawing(s)
[HTML Preview] Block 1: Độc lập - Tự do - Hạnh phúc...
[HTML Preview] Block 2: «tu_do_hanh_phuc», ngày  tháng «ngay_thang» năm«nam»...
[HTML Preview] Block 3: EMPTY LINE (selectable)
[HTML Preview] Block 4: ĐƠN XIN LY HÔN...
[HTML Preview] Block 5: EMPTY LINE (selectable)
[HTML Preview] Block 6: Kính gửi:  TÒA ÁN NHÂN DÂN «toa_an_nhan_dan»...
[HTML Preview] Block 7: Người khởi kiện:«nguoi_khoi_kien»...
[HTML Preview] Block 8: Địa chỉ:«dia_chi»...
[HTML Preview] Block 9: Số điện thoại: «so_dien_thoai»(nếu có); số fax: «so_fax»(nếu...
[HTML Preview] Block 10: Địa chỉ thư điện tử: 22 (nếu có)...
[HTML Preview] Block 11: Người bị kiện:«nguoi_bi_kien»...
[HTML Preview] Block 12: Địa chỉ:«dia_chi_2»...
[HTML Preview] Block 13: Số điện thoại: «so_dien_thoai_2»(nếu có); số fax: «so_fax_2»...
[HTML Preview] Block 14: Địa chỉ thư điện tử: «chi_thu_dien_tu» (nếu có)...
[HTML Preview] Block 15: Tôi xin yêu cầu Toà án nhân dân«toa_an_nhan_dan_2» giải quyế...
[HTML Preview] Block 16: 1. Về quan hệ hôn nhân (1):...
[HTML Preview] Block 17: «quan_he_hon_nhan»...
[HTML Preview] Block 18: Nay tôi có nguyện vọng được ly hôn với «duoc_ly_hon_voi»...
[HTML Preview] Block 19: 2. Về con chung (2):...
[HTML Preview] Block 20: - «2_ve_con_chung»...
[HTML Preview] Block 21: - «2_ve_con_chung_2»...
[HTML Preview] Block 22: 3. Về tài sản (3):...
[HTML Preview] Block 23: - «3_ve_tai_san»...
[HTML Preview] Block 24: - «3_ve_tai_san_2»...
[HTML Preview] Block 25: 4. Về nợ chung (4):...
[HTML Preview] Block 26: - «4_ve_no_chung»...
[HTML Preview] Block 27: - «4_ve_no_chung_2»...
[HTML Preview] Block 28: 5. Các yêu cầu khác (nếu có) (5):...
[HTML Preview] Block 29: - «cac_yeu_cau_khac»...
[HTML Preview] Block 30: - «cac_yeu_cau_khac_2»...
[HTML Preview] Block 31: Kính mong quý Tòa xem xét giải quyết trong thời hạn luật địn...
[HTML Preview] Block 32: Tôi xin trân trọng cảm ơn !...
[HTML Preview] Block 33: EMPTY LINE (selectable)
[DEBUG] Paragraph #34 has 1 drawing(s)
[DEBUG] Extracted image: image/png, 63071 bytes
[DEBUG] Found image in drawing element
[HTML Preview] Block 34: IMAGE ONLY (no text)
[HTML Preview] Block 35: Người khởi kiện...
[HTML Preview] Block 36: EMPTY LINE (selectable)
[HTML Preview] Block 37: EMPTY LINE (selectable)
[HTML Preview] Block 38: EMPTY LINE (selectable)
[HTML Preview] Block 39: Hướng dẫn viết đơn:...
[HTML Preview] Block 40: Về phần thông tin chung: Ghi chính xác thông tin của 02 vợ c...
[HTML Preview] Block 41: (1) Ghi chính xác thời điểm đăng ký kết hôn theo Giấy Đăng k...
[HTML Preview] Block 42: (2) Ghi chính xác thông tin các con và nêu rõ nguyện vọng nu...
[HTML Preview] Block 43: (3) Ghi chính xác thông tin tài sản yêu cầu Tòa án phân chia...
[HTML Preview] Block 44: (4) Liệt kê các khoản nợ, thời gian nợ, thời gian trả để Tòa...
[HTML Preview] Block 45: (5) Có thể ghi thêm các yêu cầu khác nếu có, ví dụ: cấp dưỡn...
[HTML Preview] Block 46: (Mẫu đơn này chỉ mang tính chất tham khảo)...
=== TOTAL BLOCKS IN HTML PREVIEW: 47 ===
=== HTML PREVIEW DEBUG ===
Fields detected: ['tu_do_hanh_phuc', 'ngay_thang', 'nam', 'toa_an_nhan_dan', 'nguoi_khoi_kien', 'dia_chi', 'so_dien_thoai', 'so_fax', 'nguoi_bi_kien', 'dia_chi_2', 'so_dien_thoai_2', 'so_fax_2', 'chi_thu_dien_tu', 'toa_an_nhan_dan_2', 'quan_he_hon_nhan', 'duoc_ly_hon_voi', '2_ve_con_chung', '2_ve_con_chung_2', '3_ve_tai_san', '3_ve_tai_san_2', '4_ve_no_chung', '4_ve_no_chung_2', 'cac_yeu_cau_khac', 'cac_yeu_cau_khac_2', 'cap_duong_nuoi_con']
HTML preview length: 106522
Contains mail-merge-placeholder: True
=== END DEBUG ===
INFO:     127.0.0.1:59559 - "POST /convert HTTP/1.1" 200 OK
✓ Directory ensured: E:\Work\PhenikaaX\Placeholder-Word\backend\uploads
✓ Directory ensured: E:\Work\PhenikaaX\Placeholder-Word\backend\uploads\templates
✓ Directory ensured: E:\Work\PhenikaaX\Placeholder-Word\backend\uploads\results
✓ Directory ensured: E:\Work\PhenikaaX\Placeholder-Word\backend\uploads\images
=== STEP 1: Creating basic placeholders ===
Đang phân tích tài liệu...
Chuyển đổi hoàn tất! File đã lưu tại: E:\Work\PhenikaaX\Placeholder-Word\backend\uploads\templates\707dc4a4-5ec8-4fe0-9591-e049aa2c1d44.docx
Basic fields created: ['tu_do_hanh_phuc', 'ngay_thang', 'nam', 'toa_an_nhan_dan', 'nguoi_khoi_kien', 'dia_chi', 'so_dien_thoai', 'so_fax', 'nguoi_bi_kien', 'dia_chi_2', 'so_dien_thoai_2', 'so_fax_2', 'chi_thu_dien_tu', 'toa_an_nhan_dan_2', 'quan_he_hon_nhan', 'duoc_ly_hon_voi', '2_ve_con_chung', '2_ve_con_chung_2', '3_ve_tai_san', '3_ve_tai_san_2', '4_ve_no_chung', '4_ve_no_chung_2', 'cac_yeu_cau_khac', 'cac_yeu_cau_khac_2', 'cap_duong_nuoi_con']
=== GENERATING HTML PREVIEW ===
[DEBUG] Document has 0 tables total
[DEBUG] Document has 6 relationships
[DEBUG] Document has 1 images
[DEBUG] Child #1: PARAGRAPH #1
[DEBUG] Child #2: PARAGRAPH #2
[DEBUG] Child #3: PARAGRAPH #3
[DEBUG] Child #4: PARAGRAPH #4
[DEBUG] Child #5: PARAGRAPH #5
[DEBUG] Child #6: PARAGRAPH #6
[DEBUG] Child #7: PARAGRAPH #7
[DEBUG] Child #8: PARAGRAPH #8
[DEBUG] Child #9: PARAGRAPH #9
[DEBUG] Child #10: PARAGRAPH #10
[DEBUG] Child #11: PARAGRAPH #11
[DEBUG] Child #12: PARAGRAPH #12
[DEBUG] Child #13: PARAGRAPH #13
[DEBUG] Child #14: PARAGRAPH #14
[DEBUG] Child #15: PARAGRAPH #15
[DEBUG] Child #16: PARAGRAPH #16
[DEBUG] Child #17: PARAGRAPH #17
[DEBUG] Child #18: PARAGRAPH #18
[DEBUG] Child #19: PARAGRAPH #19
[DEBUG] Child #20: PARAGRAPH #20
[DEBUG] Child #21: PARAGRAPH #21
[DEBUG] Child #22: PARAGRAPH #22
[DEBUG] Child #23: PARAGRAPH #23
[DEBUG] Child #24: PARAGRAPH #24
[DEBUG] Child #25: PARAGRAPH #25
[DEBUG] Child #26: PARAGRAPH #26
[DEBUG] Child #27: PARAGRAPH #27
[DEBUG] Child #28: PARAGRAPH #28
[DEBUG] Child #29: PARAGRAPH #29
[DEBUG] Child #30: PARAGRAPH #30
[DEBUG] Child #31: PARAGRAPH #31
[DEBUG] Child #32: PARAGRAPH #32
[DEBUG] Child #33: PARAGRAPH #33
[DEBUG] Child #34: PARAGRAPH #34
[DEBUG] Child #35: PARAGRAPH #35
[DEBUG] Child #36: PARAGRAPH #36
[DEBUG] Child #37: PARAGRAPH #37
[DEBUG] Child #38: PARAGRAPH #38
[DEBUG] Child #39: PARAGRAPH #39
[DEBUG] Child #40: PARAGRAPH #40
[DEBUG] Child #41: PARAGRAPH #41
[DEBUG] Child #42: PARAGRAPH #42
[DEBUG] Child #43: PARAGRAPH #43
[DEBUG] Child #44: PARAGRAPH #44
[DEBUG] Child #45: PARAGRAPH #45
[DEBUG] Child #46: PARAGRAPH #46
[DEBUG] Child #47: PARAGRAPH #47
[DEBUG] Child #48: UNKNOWN TYPE (type: CT_SectPr, isinstance CT_Tbl: False, isinstance CT_P: False)
[DEBUG] Total children: 48 (tables: 0, paras: 47)
[HTML Preview] Block 0: CỘNG HÒA XÃ HỘI CHỦ NGHĨA VIỆT NAM...
[DEBUG] Paragraph #1 has 1 drawing(s)
[HTML Preview] Block 1: Độc lập - Tự do - Hạnh phúc...
[HTML Preview] Block 2: «tu_do_hanh_phuc», ngày  tháng «ngay_thang» năm«nam»...
[HTML Preview] Block 3: EMPTY LINE (selectable)
[HTML Preview] Block 4: ĐƠN XIN LY HÔN...
[HTML Preview] Block 5: EMPTY LINE (selectable)
[HTML Preview] Block 6: Kính gửi:  TÒA ÁN NHÂN DÂN «toa_an_nhan_dan»...
[HTML Preview] Block 7: Người khởi kiện:«nguoi_khoi_kien»...
[HTML Preview] Block 8: Địa chỉ:«dia_chi»...
[HTML Preview] Block 9: Số điện thoại: «so_dien_thoai»(nếu có); số fax: «so_fax»(nếu...
[HTML Preview] Block 10: Địa chỉ thư điện tử: 22 (nếu có)...
[HTML Preview] Block 11: Người bị kiện:«nguoi_bi_kien»...
[HTML Preview] Block 12: Địa chỉ:«dia_chi_2»...
[HTML Preview] Block 13: Số điện thoại: «so_dien_thoai_2»(nếu có); số fax: «so_fax_2»...
[HTML Preview] Block 14: Địa chỉ thư điện tử: «chi_thu_dien_tu» (nếu có)...
[HTML Preview] Block 15: Tôi xin yêu cầu Toà án nhân dân«toa_an_nhan_dan_2» giải quyế...
[HTML Preview] Block 16: 1. Về quan hệ hôn nhân (1):...
[HTML Preview] Block 17: «quan_he_hon_nhan»...
[HTML Preview] Block 18: Nay tôi có nguyện vọng được ly hôn với «duoc_ly_hon_voi»...
[HTML Preview] Block 19: 2. Về con chung (2):...
[HTML Preview] Block 20: - «2_ve_con_chung»...
[HTML Preview] Block 21: - «2_ve_con_chung_2»...
[HTML Preview] Block 22: 3. Về tài sản (3):...
[HTML Preview] Block 23: - «3_ve_tai_san»...
[HTML Preview] Block 24: - «3_ve_tai_san_2»...
[HTML Preview] Block 25: 4. Về nợ chung (4):...
[HTML Preview] Block 26: - «4_ve_no_chung»...
[HTML Preview] Block 27: - «4_ve_no_chung_2»...
[HTML Preview] Block 28: 5. Các yêu cầu khác (nếu có) (5):...
[HTML Preview] Block 29: - «cac_yeu_cau_khac»...
[HTML Preview] Block 30: - «cac_yeu_cau_khac_2»...
[HTML Preview] Block 31: Kính mong quý Tòa xem xét giải quyết trong thời hạn luật địn...
[HTML Preview] Block 32: Tôi xin trân trọng cảm ơn !...
[HTML Preview] Block 33: EMPTY LINE (selectable)
[DEBUG] Paragraph #34 has 1 drawing(s)
[DEBUG] Extracted image: image/png, 63071 bytes
[DEBUG] Found image in drawing element
[HTML Preview] Block 34: IMAGE ONLY (no text)
[HTML Preview] Block 35: Người khởi kiện...
[HTML Preview] Block 36: EMPTY LINE (selectable)
[HTML Preview] Block 37: EMPTY LINE (selectable)
[HTML Preview] Block 38: EMPTY LINE (selectable)
[HTML Preview] Block 39: Hướng dẫn viết đơn:...
[HTML Preview] Block 40: Về phần thông tin chung: Ghi chính xác thông tin của 02 vợ c...
[HTML Preview] Block 41: (1) Ghi chính xác thời điểm đăng ký kết hôn theo Giấy Đăng k...
[HTML Preview] Block 42: (2) Ghi chính xác thông tin các con và nêu rõ nguyện vọng nu...
[HTML Preview] Block 43: (3) Ghi chính xác thông tin tài sản yêu cầu Tòa án phân chia...
[HTML Preview] Block 44: (4) Liệt kê các khoản nợ, thời gian nợ, thời gian trả để Tòa...
[HTML Preview] Block 45: (5) Có thể ghi thêm các yêu cầu khác nếu có, ví dụ: cấp dưỡn...
[HTML Preview] Block 46: (Mẫu đơn này chỉ mang tính chất tham khảo)...
=== TOTAL BLOCKS IN HTML PREVIEW: 47 ===
=== HTML PREVIEW DEBUG ===
Fields detected: ['tu_do_hanh_phuc', 'ngay_thang', 'nam', 'toa_an_nhan_dan', 'nguoi_khoi_kien', 'dia_chi', 'so_dien_thoai', 'so_fax', 'nguoi_bi_kien', 'dia_chi_2', 'so_dien_thoai_2', 'so_fax_2', 'chi_thu_dien_tu', 'toa_an_nhan_dan_2', 'quan_he_hon_nhan', 'duoc_ly_hon_voi', '2_ve_con_chung', '2_ve_con_chung_2', '3_ve_tai_san', '3_ve_tai_san_2', '4_ve_no_chung', '4_ve_no_chung_2', 'cac_yeu_cau_khac', 'cac_yeu_cau_khac_2', 'cap_duong_nuoi_con']
HTML preview length: 106522
Contains mail-merge-placeholder: True
=== END DEBUG ===
INFO:     127.0.0.1:39624 - "POST /convert HTTP/1.1" 200 OK
✓ Directory ensured: E:\Work\PhenikaaX\Placeholder-Word\backend\uploads
✓ Directory ensured: E:\Work\PhenikaaX\Placeholder-Word\backend\uploads\templates
✓ Directory ensured: E:\Work\PhenikaaX\Placeholder-Word\backend\uploads\results
✓ Directory ensured: E:\Work\PhenikaaX\Placeholder-Word\backend\uploads\images
=== STEP 1: Creating basic placeholders ===
Đang phân tích tài liệu...
Chuyển đổi hoàn tất! File đã lưu tại: E:\Work\PhenikaaX\Placeholder-Word\backend\uploads\templates\c7106957-7f24-4cd3-be46-09e171293b4f.docx
Basic fields created: ['tu_do_hanh_phuc', 'ngay_thang', 'nam', 'toa_an_nhan_dan', 'nguoi_khoi_kien', 'dia_chi', 'so_dien_thoai', 'so_fax', 'nguoi_bi_kien', 'dia_chi_2', 'so_dien_thoai_2', 'so_fax_2', 'chi_thu_dien_tu', 'toa_an_nhan_dan_2', 'quan_he_hon_nhan', 'duoc_ly_hon_voi', '2_ve_con_chung', '2_ve_con_chung_2', '3_ve_tai_san', '3_ve_tai_san_2', '4_ve_no_chung', '4_ve_no_chung_2', 'cac_yeu_cau_khac', 'cac_yeu_cau_khac_2', 'cap_duong_nuoi_con']
=== GENERATING HTML PREVIEW ===
[DEBUG] Document has 0 tables total
[DEBUG] Document has 6 relationships
[DEBUG] Document has 1 images
[DEBUG] Child #1: PARAGRAPH #1
[DEBUG] Child #2: PARAGRAPH #2
[DEBUG] Child #3: PARAGRAPH #3
[DEBUG] Child #4: PARAGRAPH #4
[DEBUG] Child #5: PARAGRAPH #5
[DEBUG] Child #6: PARAGRAPH #6
[DEBUG] Child #7: PARAGRAPH #7
[DEBUG] Child #8: PARAGRAPH #8
[DEBUG] Child #9: PARAGRAPH #9
[DEBUG] Child #10: PARAGRAPH #10
[DEBUG] Child #11: PARAGRAPH #11
[DEBUG] Child #12: PARAGRAPH #12
[DEBUG] Child #13: PARAGRAPH #13
[DEBUG] Child #14: PARAGRAPH #14
[DEBUG] Child #15: PARAGRAPH #15
[DEBUG] Child #16: PARAGRAPH #16
[DEBUG] Child #17: PARAGRAPH #17
[DEBUG] Child #18: PARAGRAPH #18
[DEBUG] Child #19: PARAGRAPH #19
[DEBUG] Child #20: PARAGRAPH #20
[DEBUG] Child #21: PARAGRAPH #21
[DEBUG] Child #22: PARAGRAPH #22
[DEBUG] Child #23: PARAGRAPH #23
[DEBUG] Child #24: PARAGRAPH #24
[DEBUG] Child #25: PARAGRAPH #25
[DEBUG] Child #26: PARAGRAPH #26
[DEBUG] Child #27: PARAGRAPH #27
[DEBUG] Child #28: PARAGRAPH #28
[DEBUG] Child #29: PARAGRAPH #29
[DEBUG] Child #30: PARAGRAPH #30
[DEBUG] Child #31: PARAGRAPH #31
[DEBUG] Child #32: PARAGRAPH #32
[DEBUG] Child #33: PARAGRAPH #33
[DEBUG] Child #34: PARAGRAPH #34
[DEBUG] Child #35: PARAGRAPH #35
[DEBUG] Child #36: PARAGRAPH #36
[DEBUG] Child #37: PARAGRAPH #37
[DEBUG] Child #38: PARAGRAPH #38
[DEBUG] Child #39: PARAGRAPH #39
[DEBUG] Child #40: PARAGRAPH #40
[DEBUG] Child #41: PARAGRAPH #41
[DEBUG] Child #42: PARAGRAPH #42
[DEBUG] Child #43: PARAGRAPH #43
[DEBUG] Child #44: PARAGRAPH #44
[DEBUG] Child #45: PARAGRAPH #45
[DEBUG] Child #46: PARAGRAPH #46
[DEBUG] Child #47: PARAGRAPH #47
[DEBUG] Child #48: UNKNOWN TYPE (type: CT_SectPr, isinstance CT_Tbl: False, isinstance CT_P: False)
[DEBUG] Total children: 48 (tables: 0, paras: 47)
[HTML Preview] Block 0: CỘNG HÒA XÃ HỘI CHỦ NGHĨA VIỆT NAM...
[DEBUG] Paragraph #1 has 1 drawing(s)
[HTML Preview] Block 1: Độc lập - Tự do - Hạnh phúc...
[HTML Preview] Block 2: «tu_do_hanh_phuc», ngày  tháng «ngay_thang» năm«nam»...
[HTML Preview] Block 3: EMPTY LINE (selectable)
[HTML Preview] Block 4: ĐƠN XIN LY HÔN...
[HTML Preview] Block 5: EMPTY LINE (selectable)
[HTML Preview] Block 6: Kính gửi:  TÒA ÁN NHÂN DÂN «toa_an_nhan_dan»...
[HTML Preview] Block 7: Người khởi kiện:«nguoi_khoi_kien»...
[HTML Preview] Block 8: Địa chỉ:«dia_chi»...
[HTML Preview] Block 9: Số điện thoại: «so_dien_thoai»(nếu có); số fax: «so_fax»(nếu...
[HTML Preview] Block 10: Địa chỉ thư điện tử: 22 (nếu có)...
[HTML Preview] Block 11: Người bị kiện:«nguoi_bi_kien»...
[HTML Preview] Block 12: Địa chỉ:«dia_chi_2»...
[HTML Preview] Block 13: Số điện thoại: «so_dien_thoai_2»(nếu có); số fax: «so_fax_2»...
[HTML Preview] Block 14: Địa chỉ thư điện tử: «chi_thu_dien_tu» (nếu có)...
[HTML Preview] Block 15: Tôi xin yêu cầu Toà án nhân dân«toa_an_nhan_dan_2» giải quyế...
[HTML Preview] Block 16: 1. Về quan hệ hôn nhân (1):...
[HTML Preview] Block 17: «quan_he_hon_nhan»...
[HTML Preview] Block 18: Nay tôi có nguyện vọng được ly hôn với «duoc_ly_hon_voi»...
[HTML Preview] Block 19: 2. Về con chung (2):...
[HTML Preview] Block 20: - «2_ve_con_chung»...
[HTML Preview] Block 21: - «2_ve_con_chung_2»...
[HTML Preview] Block 22: 3. Về tài sản (3):...
[HTML Preview] Block 23: - «3_ve_tai_san»...
[HTML Preview] Block 24: - «3_ve_tai_san_2»...
[HTML Preview] Block 25: 4. Về nợ chung (4):...
[HTML Preview] Block 26: - «4_ve_no_chung»...
[HTML Preview] Block 27: - «4_ve_no_chung_2»...
[HTML Preview] Block 28: 5. Các yêu cầu khác (nếu có) (5):...
[HTML Preview] Block 29: - «cac_yeu_cau_khac»...
[HTML Preview] Block 30: - «cac_yeu_cau_khac_2»...
[HTML Preview] Block 31: Kính mong quý Tòa xem xét giải quyết trong thời hạn luật địn...
[HTML Preview] Block 32: Tôi xin trân trọng cảm ơn !...
[HTML Preview] Block 33: EMPTY LINE (selectable)
[DEBUG] Paragraph #34 has 1 drawing(s)
[DEBUG] Extracted image: image/png, 63071 bytes
[DEBUG] Found image in drawing element
[HTML Preview] Block 34: IMAGE ONLY (no text)
[HTML Preview] Block 35: Người khởi kiện...
[HTML Preview] Block 36: EMPTY LINE (selectable)
[HTML Preview] Block 37: EMPTY LINE (selectable)
[HTML Preview] Block 38: EMPTY LINE (selectable)
[HTML Preview] Block 39: Hướng dẫn viết đơn:...
[HTML Preview] Block 40: Về phần thông tin chung: Ghi chính xác thông tin của 02 vợ c...
[HTML Preview] Block 41: (1) Ghi chính xác thời điểm đăng ký kết hôn theo Giấy Đăng k...
[HTML Preview] Block 42: (2) Ghi chính xác thông tin các con và nêu rõ nguyện vọng nu...
[HTML Preview] Block 43: (3) Ghi chính xác thông tin tài sản yêu cầu Tòa án phân chia...
[HTML Preview] Block 44: (4) Liệt kê các khoản nợ, thời gian nợ, thời gian trả để Tòa...
[HTML Preview] Block 45: (5) Có thể ghi thêm các yêu cầu khác nếu có, ví dụ: cấp dưỡn...
[HTML Preview] Block 46: (Mẫu đơn này chỉ mang tính chất tham khảo)...
=== TOTAL BLOCKS IN HTML PREVIEW: 47 ===
=== HTML PREVIEW DEBUG ===
Fields detected: ['tu_do_hanh_phuc', 'ngay_thang', 'nam', 'toa_an_nhan_dan', 'nguoi_khoi_kien', 'dia_chi', 'so_dien_thoai', 'so_fax', 'nguoi_bi_kien', 'dia_chi_2', 'so_dien_thoai_2', 'so_fax_2', 'chi_thu_dien_tu', 'toa_an_nhan_dan_2', 'quan_he_hon_nhan', 'duoc_ly_hon_voi', '2_ve_con_chung', '2_ve_con_chung_2', '3_ve_tai_san', '3_ve_tai_san_2', '4_ve_no_chung', '4_ve_no_chung_2', 'cac_yeu_cau_khac', 'cac_yeu_cau_khac_2', 'cap_duong_nuoi_con']
HTML preview length: 106522
Contains mail-merge-placeholder: True
=== END DEBUG ===
INFO:     127.0.0.1:45844 - "POST /convert HTTP/1.1" 200 OK
✓ Directory ensured: E:\Work\PhenikaaX\Placeholder-Word\backend\uploads
✓ Directory ensured: E:\Work\PhenikaaX\Placeholder-Word\backend\uploads\templates
✓ Directory ensured: E:\Work\PhenikaaX\Placeholder-Word\backend\uploads\results
✓ Directory ensured: E:\Work\PhenikaaX\Placeholder-Word\backend\uploads\images
=== STEP 1: Creating basic placeholders ===
Đang phân tích tài liệu...
Chuyển đổi hoàn tất! File đã lưu tại: E:\Work\PhenikaaX\Placeholder-Word\backend\uploads\templates\faa481ac-119d-4ac5-b8db-62dc2fe006dc.docx
Basic fields created: ['tu_do_hanh_phuc', 'ngay_thang', 'nam', 'toa_an_nhan_dan', 'nguoi_khoi_kien', 'dia_chi', 'so_dien_thoai', 'so_fax', 'nguoi_bi_kien', 'dia_chi_2', 'so_dien_thoai_2', 'so_fax_2', 'chi_thu_dien_tu', 'toa_an_nhan_dan_2', 'quan_he_hon_nhan', 'duoc_ly_hon_voi', '2_ve_con_chung', '2_ve_con_chung_2', '3_ve_tai_san', '3_ve_tai_san_2', '4_ve_no_chung', '4_ve_no_chung_2', 'cac_yeu_cau_khac', 'cac_yeu_cau_khac_2', 'cap_duong_nuoi_con']
=== GENERATING HTML PREVIEW ===
[DEBUG] Document has 0 tables total
[DEBUG] Document has 6 relationships
[DEBUG] Document has 1 images
[DEBUG] Child #1: PARAGRAPH #1
[DEBUG] Child #2: PARAGRAPH #2
[DEBUG] Child #3: PARAGRAPH #3
[DEBUG] Child #4: PARAGRAPH #4
[DEBUG] Child #5: PARAGRAPH #5
[DEBUG] Child #6: PARAGRAPH #6
[DEBUG] Child #7: PARAGRAPH #7
[DEBUG] Child #8: PARAGRAPH #8
[DEBUG] Child #9: PARAGRAPH #9
[DEBUG] Child #10: PARAGRAPH #10
[DEBUG] Child #11: PARAGRAPH #11
[DEBUG] Child #12: PARAGRAPH #12
[DEBUG] Child #13: PARAGRAPH #13
[DEBUG] Child #14: PARAGRAPH #14
[DEBUG] Child #15: PARAGRAPH #15
[DEBUG] Child #16: PARAGRAPH #16
[DEBUG] Child #17: PARAGRAPH #17
[DEBUG] Child #18: PARAGRAPH #18
[DEBUG] Child #19: PARAGRAPH #19
[DEBUG] Child #20: PARAGRAPH #20
[DEBUG] Child #21: PARAGRAPH #21
[DEBUG] Child #22: PARAGRAPH #22
[DEBUG] Child #23: PARAGRAPH #23
[DEBUG] Child #24: PARAGRAPH #24
[DEBUG] Child #25: PARAGRAPH #25
[DEBUG] Child #26: PARAGRAPH #26
[DEBUG] Child #27: PARAGRAPH #27
[DEBUG] Child #28: PARAGRAPH #28
[DEBUG] Child #29: PARAGRAPH #29
[DEBUG] Child #30: PARAGRAPH #30
[DEBUG] Child #31: PARAGRAPH #31
[DEBUG] Child #32: PARAGRAPH #32
[DEBUG] Child #33: PARAGRAPH #33
[DEBUG] Child #34: PARAGRAPH #34
[DEBUG] Child #35: PARAGRAPH #35
[DEBUG] Child #36: PARAGRAPH #36
[DEBUG] Child #37: PARAGRAPH #37
[DEBUG] Child #38: PARAGRAPH #38
[DEBUG] Child #39: PARAGRAPH #39
[DEBUG] Child #40: PARAGRAPH #40
[DEBUG] Child #41: PARAGRAPH #41
[DEBUG] Child #42: PARAGRAPH #42
[DEBUG] Child #43: PARAGRAPH #43
[DEBUG] Child #44: PARAGRAPH #44
[DEBUG] Child #45: PARAGRAPH #45
[DEBUG] Child #46: PARAGRAPH #46
[DEBUG] Child #47: PARAGRAPH #47
[DEBUG] Child #48: UNKNOWN TYPE (type: CT_SectPr, isinstance CT_Tbl: False, isinstance CT_P: False)
[DEBUG] Total children: 48 (tables: 0, paras: 47)
[HTML Preview] Block 0: CỘNG HÒA XÃ HỘI CHỦ NGHĨA VIỆT NAM...
[DEBUG] Paragraph #1 has 1 drawing(s)
[HTML Preview] Block 1: Độc lập - Tự do - Hạnh phúc...
[HTML Preview] Block 2: «tu_do_hanh_phuc», ngày  tháng «ngay_thang» năm«nam»...
[HTML Preview] Block 3: EMPTY LINE (selectable)
[HTML Preview] Block 4: ĐƠN XIN LY HÔN...
[HTML Preview] Block 5: EMPTY LINE (selectable)
[HTML Preview] Block 6: Kính gửi:  TÒA ÁN NHÂN DÂN «toa_an_nhan_dan»...
[HTML Preview] Block 7: Người khởi kiện:«nguoi_khoi_kien»...
[HTML Preview] Block 8: Địa chỉ:«dia_chi»...
[HTML Preview] Block 9: Số điện thoại: «so_dien_thoai»(nếu có); số fax: «so_fax»(nếu...
[HTML Preview] Block 10: Địa chỉ thư điện tử: 22 (nếu có)...
[HTML Preview] Block 11: Người bị kiện:«nguoi_bi_kien»...
[HTML Preview] Block 12: Địa chỉ:«dia_chi_2»...
[HTML Preview] Block 13: Số điện thoại: «so_dien_thoai_2»(nếu có); số fax: «so_fax_2»...
[HTML Preview] Block 14: Địa chỉ thư điện tử: «chi_thu_dien_tu» (nếu có)...
[HTML Preview] Block 15: Tôi xin yêu cầu Toà án nhân dân«toa_an_nhan_dan_2» giải quyế...
[HTML Preview] Block 16: 1. Về quan hệ hôn nhân (1):...
[HTML Preview] Block 17: «quan_he_hon_nhan»...
[HTML Preview] Block 18: Nay tôi có nguyện vọng được ly hôn với «duoc_ly_hon_voi»...
[HTML Preview] Block 19: 2. Về con chung (2):...
[HTML Preview] Block 20: - «2_ve_con_chung»...
[HTML Preview] Block 21: - «2_ve_con_chung_2»...
[HTML Preview] Block 22: 3. Về tài sản (3):...
[HTML Preview] Block 23: - «3_ve_tai_san»...
[HTML Preview] Block 24: - «3_ve_tai_san_2»...
[HTML Preview] Block 25: 4. Về nợ chung (4):...
[HTML Preview] Block 26: - «4_ve_no_chung»...
[HTML Preview] Block 27: - «4_ve_no_chung_2»...
[HTML Preview] Block 28: 5. Các yêu cầu khác (nếu có) (5):...
[HTML Preview] Block 29: - «cac_yeu_cau_khac»...
[HTML Preview] Block 30: - «cac_yeu_cau_khac_2»...
[HTML Preview] Block 31: Kính mong quý Tòa xem xét giải quyết trong thời hạn luật địn...
[HTML Preview] Block 32: Tôi xin trân trọng cảm ơn !...
[HTML Preview] Block 33: EMPTY LINE (selectable)
[DEBUG] Paragraph #34 has 1 drawing(s)
[DEBUG] Extracted image: image/png, 63071 bytes
[DEBUG] Found image in drawing element
[HTML Preview] Block 34: IMAGE ONLY (no text)
[HTML Preview] Block 35: Người khởi kiện...
[HTML Preview] Block 36: EMPTY LINE (selectable)
[HTML Preview] Block 37: EMPTY LINE (selectable)
[HTML Preview] Block 38: EMPTY LINE (selectable)
[HTML Preview] Block 39: Hướng dẫn viết đơn:...
[HTML Preview] Block 40: Về phần thông tin chung: Ghi chính xác thông tin của 02 vợ c...
[HTML Preview] Block 41: (1) Ghi chính xác thời điểm đăng ký kết hôn theo Giấy Đăng k...
[HTML Preview] Block 42: (2) Ghi chính xác thông tin các con và nêu rõ nguyện vọng nu...
[HTML Preview] Block 43: (3) Ghi chính xác thông tin tài sản yêu cầu Tòa án phân chia...
[HTML Preview] Block 44: (4) Liệt kê các khoản nợ, thời gian nợ, thời gian trả để Tòa...
[HTML Preview] Block 45: (5) Có thể ghi thêm các yêu cầu khác nếu có, ví dụ: cấp dưỡn...
[HTML Preview] Block 46: (Mẫu đơn này chỉ mang tính chất tham khảo)...
=== TOTAL BLOCKS IN HTML PREVIEW: 47 ===
=== HTML PREVIEW DEBUG ===
Fields detected: ['tu_do_hanh_phuc', 'ngay_thang', 'nam', 'toa_an_nhan_dan', 'nguoi_khoi_kien', 'dia_chi', 'so_dien_thoai', 'so_fax', 'nguoi_bi_kien', 'dia_chi_2', 'so_dien_thoai_2', 'so_fax_2', 'chi_thu_dien_tu', 'toa_an_nhan_dan_2', 'quan_he_hon_nhan', 'duoc_ly_hon_voi', '2_ve_con_chung', '2_ve_con_chung_2', '3_ve_tai_san', '3_ve_tai_san_2', '4_ve_no_chung', '4_ve_no_chung_2', 'cac_yeu_cau_khac', 'cac_yeu_cau_khac_2', 'cap_duong_nuoi_con']
HTML preview length: 106522
Contains mail-merge-placeholder: True
=== END DEBUG ===
INFO:     127.0.0.1:34315 - "POST /convert HTTP/1.1" 200 OK
INFO:     127.0.0.1:35649 - "GET /health HTTP/1.1" 200 OK
✓ Directory ensured: E:\Work\PhenikaaX\Placeholder-Word\backend\uploads
✓ Directory ensured: E:\Work\PhenikaaX\Placeholder-Word\backend\uploads\templates
✓ Directory ensured: E:\Work\PhenikaaX\Placeholder-Word\backend\uploads\results
✓ Directory ensured: E:\Work\PhenikaaX\Placeholder-Word\backend\uploads\images
=== STEP 1: Creating basic placeholders ===
Đang phân tích tài liệu...
Chuyển đổi hoàn tất! File đã lưu tại: E:\Work\PhenikaaX\Placeholder-Word\backend\uploads\templates\80be4289-a4c5-4e24-9704-8bb8eb73b6c9.docx
Basic fields created: ['tu_do_hanh_phuc', 'ngay_thang', 'nam', 'toa_an_nhan_dan', 'nguoi_khoi_kien', 'dia_chi', 'so_dien_thoai', 'so_fax', 'nguoi_bi_kien', 'dia_chi_2', 'so_dien_thoai_2', 'so_fax_2', 'chi_thu_dien_tu', 'toa_an_nhan_dan_2', 'quan_he_hon_nhan', 'duoc_ly_hon_voi', '2_ve_con_chung', '2_ve_con_chung_2', '3_ve_tai_san', '3_ve_tai_san_2', '4_ve_no_chung', '4_ve_no_chung_2', 'cac_yeu_cau_khac', 'cac_yeu_cau_khac_2', 'cap_duong_nuoi_con']
=== GENERATING HTML PREVIEW ===
[DEBUG] Document has 0 tables total
[DEBUG] Document has 6 relationships
[DEBUG] Document has 1 images
[DEBUG] Child #1: PARAGRAPH #1
[DEBUG] Child #2: PARAGRAPH #2
[DEBUG] Child #3: PARAGRAPH #3
[DEBUG] Child #4: PARAGRAPH #4
[DEBUG] Child #5: PARAGRAPH #5
[DEBUG] Child #6: PARAGRAPH #6
[DEBUG] Child #7: PARAGRAPH #7
[DEBUG] Child #8: PARAGRAPH #8
[DEBUG] Child #9: PARAGRAPH #9
[DEBUG] Child #10: PARAGRAPH #10
[DEBUG] Child #11: PARAGRAPH #11
[DEBUG] Child #12: PARAGRAPH #12
[DEBUG] Child #13: PARAGRAPH #13
[DEBUG] Child #14: PARAGRAPH #14
[DEBUG] Child #15: PARAGRAPH #15
[DEBUG] Child #16: PARAGRAPH #16
[DEBUG] Child #17: PARAGRAPH #17
[DEBUG] Child #18: PARAGRAPH #18
[DEBUG] Child #19: PARAGRAPH #19
[DEBUG] Child #20: PARAGRAPH #20
[DEBUG] Child #21: PARAGRAPH #21
[DEBUG] Child #22: PARAGRAPH #22
[DEBUG] Child #23: PARAGRAPH #23
[DEBUG] Child #24: PARAGRAPH #24
[DEBUG] Child #25: PARAGRAPH #25
[DEBUG] Child #26: PARAGRAPH #26
[DEBUG] Child #27: PARAGRAPH #27
[DEBUG] Child #28: PARAGRAPH #28
[DEBUG] Child #29: PARAGRAPH #29
[DEBUG] Child #30: PARAGRAPH #30
[DEBUG] Child #31: PARAGRAPH #31
[DEBUG] Child #32: PARAGRAPH #32
[DEBUG] Child #33: PARAGRAPH #33
[DEBUG] Child #34: PARAGRAPH #34
[DEBUG] Child #35: PARAGRAPH #35
[DEBUG] Child #36: PARAGRAPH #36
[DEBUG] Child #37: PARAGRAPH #37
[DEBUG] Child #38: PARAGRAPH #38
[DEBUG] Child #39: PARAGRAPH #39
[DEBUG] Child #40: PARAGRAPH #40
[DEBUG] Child #41: PARAGRAPH #41
[DEBUG] Child #42: PARAGRAPH #42
[DEBUG] Child #43: PARAGRAPH #43
[DEBUG] Child #44: PARAGRAPH #44
[DEBUG] Child #45: PARAGRAPH #45
[DEBUG] Child #46: PARAGRAPH #46
[DEBUG] Child #47: PARAGRAPH #47
[DEBUG] Child #48: UNKNOWN TYPE (type: CT_SectPr, isinstance CT_Tbl: False, isinstance CT_P: False)
[DEBUG] Total children: 48 (tables: 0, paras: 47)
[HTML Preview] Block 0: CỘNG HÒA XÃ HỘI CHỦ NGHĨA VIỆT NAM...
[DEBUG] Paragraph #1 has 1 drawing(s)
[HTML Preview] Block 1: Độc lập - Tự do - Hạnh phúc...
[HTML Preview] Block 2: «tu_do_hanh_phuc», ngày  tháng «ngay_thang» năm«nam»...
[HTML Preview] Block 3: EMPTY LINE (selectable)
[HTML Preview] Block 4: ĐƠN XIN LY HÔN...
[HTML Preview] Block 5: EMPTY LINE (selectable)
[HTML Preview] Block 6: Kính gửi:  TÒA ÁN NHÂN DÂN «toa_an_nhan_dan»...
[HTML Preview] Block 7: Người khởi kiện:«nguoi_khoi_kien»...
[HTML Preview] Block 8: Địa chỉ:«dia_chi»...
[HTML Preview] Block 9: Số điện thoại: «so_dien_thoai»(nếu có); số fax: «so_fax»(nếu...
[HTML Preview] Block 10: Địa chỉ thư điện tử: 22 (nếu có)...
[HTML Preview] Block 11: Người bị kiện:«nguoi_bi_kien»...
[HTML Preview] Block 12: Địa chỉ:«dia_chi_2»...
[HTML Preview] Block 13: Số điện thoại: «so_dien_thoai_2»(nếu có); số fax: «so_fax_2»...
[HTML Preview] Block 14: Địa chỉ thư điện tử: «chi_thu_dien_tu» (nếu có)...
[HTML Preview] Block 15: Tôi xin yêu cầu Toà án nhân dân«toa_an_nhan_dan_2» giải quyế...
[HTML Preview] Block 16: 1. Về quan hệ hôn nhân (1):...
[HTML Preview] Block 17: «quan_he_hon_nhan»...
[HTML Preview] Block 18: Nay tôi có nguyện vọng được ly hôn với «duoc_ly_hon_voi»...
[HTML Preview] Block 19: 2. Về con chung (2):...
[HTML Preview] Block 20: - «2_ve_con_chung»...
[HTML Preview] Block 21: - «2_ve_con_chung_2»...
[HTML Preview] Block 22: 3. Về tài sản (3):...
[HTML Preview] Block 23: - «3_ve_tai_san»...
[HTML Preview] Block 24: - «3_ve_tai_san_2»...
[HTML Preview] Block 25: 4. Về nợ chung (4):...
[HTML Preview] Block 26: - «4_ve_no_chung»...
[HTML Preview] Block 27: - «4_ve_no_chung_2»...
[HTML Preview] Block 28: 5. Các yêu cầu khác (nếu có) (5):...
[HTML Preview] Block 29: - «cac_yeu_cau_khac»...
[HTML Preview] Block 30: - «cac_yeu_cau_khac_2»...
[HTML Preview] Block 31: Kính mong quý Tòa xem xét giải quyết trong thời hạn luật địn...
[HTML Preview] Block 32: Tôi xin trân trọng cảm ơn !...
[HTML Preview] Block 33: EMPTY LINE (selectable)
[DEBUG] Paragraph #34 has 1 drawing(s)
[DEBUG] Extracted image: image/png, 63071 bytes
[DEBUG] Found image in drawing element
[HTML Preview] Block 34: IMAGE ONLY (no text)
[HTML Preview] Block 35: Người khởi kiện...
[HTML Preview] Block 36: EMPTY LINE (selectable)
[HTML Preview] Block 37: EMPTY LINE (selectable)
[HTML Preview] Block 38: EMPTY LINE (selectable)
[HTML Preview] Block 39: Hướng dẫn viết đơn:...
[HTML Preview] Block 40: Về phần thông tin chung: Ghi chính xác thông tin của 02 vợ c...
[HTML Preview] Block 41: (1) Ghi chính xác thời điểm đăng ký kết hôn theo Giấy Đăng k...
[HTML Preview] Block 42: (2) Ghi chính xác thông tin các con và nêu rõ nguyện vọng nu...
[HTML Preview] Block 43: (3) Ghi chính xác thông tin tài sản yêu cầu Tòa án phân chia...
[HTML Preview] Block 44: (4) Liệt kê các khoản nợ, thời gian nợ, thời gian trả để Tòa...
[HTML Preview] Block 45: (5) Có thể ghi thêm các yêu cầu khác nếu có, ví dụ: cấp dưỡn...
[HTML Preview] Block 46: (Mẫu đơn này chỉ mang tính chất tham khảo)...
=== TOTAL BLOCKS IN HTML PREVIEW: 47 ===
=== HTML PREVIEW DEBUG ===
Fields detected: ['tu_do_hanh_phuc', 'ngay_thang', 'nam', 'toa_an_nhan_dan', 'nguoi_khoi_kien', 'dia_chi', 'so_dien_thoai', 'so_fax', 'nguoi_bi_kien', 'dia_chi_2', 'so_dien_thoai_2', 'so_fax_2', 'chi_thu_dien_tu', 'toa_an_nhan_dan_2', 'quan_he_hon_nhan', 'duoc_ly_hon_voi', '2_ve_con_chung', '2_ve_con_chung_2', '3_ve_tai_san', '3_ve_tai_san_2', '4_ve_no_chung', '4_ve_no_chung_2', 'cac_yeu_cau_khac', 'cac_yeu_cau_khac_2', 'cap_duong_nuoi_con']
HTML preview length: 106522
Contains mail-merge-placeholder: True
=== END DEBUG ===
INFO:     127.0.0.1:55803 - "POST /convert HTTP/1.1" 200 OK
✓ Directory ensured: E:\Work\PhenikaaX\Placeholder-Word\backend\uploads
✓ Directory ensured: E:\Work\PhenikaaX\Placeholder-Word\backend\uploads\templates
✓ Directory ensured: E:\Work\PhenikaaX\Placeholder-Word\backend\uploads\results
✓ Directory ensured: E:\Work\PhenikaaX\Placeholder-Word\backend\uploads\images
=== STEP 1: Creating basic placeholders ===
Đang phân tích tài liệu...
Chuyển đổi hoàn tất! File đã lưu tại: E:\Work\PhenikaaX\Placeholder-Word\backend\uploads\templates\a626c835-59fa-4f2d-afd1-c8d61d17d388.docx
Basic fields created: ['tu_do_hanh_phuc', 'ngay_thang', 'nam', 'toa_an_nhan_dan', 'nguoi_khoi_kien', 'dia_chi', 'so_dien_thoai', 'so_fax', 'nguoi_bi_kien', 'dia_chi_2', 'so_dien_thoai_2', 'so_fax_2', 'chi_thu_dien_tu', 'toa_an_nhan_dan_2', 'quan_he_hon_nhan', 'duoc_ly_hon_voi', '2_ve_con_chung', '2_ve_con_chung_2', '3_ve_tai_san', '3_ve_tai_san_2', '4_ve_no_chung', '4_ve_no_chung_2', 'cac_yeu_cau_khac', 'cac_yeu_cau_khac_2', 'cap_duong_nuoi_con']
=== GENERATING HTML PREVIEW ===
[DEBUG] Document has 0 tables total
[DEBUG] Document has 6 relationships
[DEBUG] Document has 1 images
[DEBUG] Child #1: PARAGRAPH #1
[DEBUG] Child #2: PARAGRAPH #2
[DEBUG] Child #3: PARAGRAPH #3
[DEBUG] Child #4: PARAGRAPH #4
[DEBUG] Child #5: PARAGRAPH #5
[DEBUG] Child #6: PARAGRAPH #6
[DEBUG] Child #7: PARAGRAPH #7
[DEBUG] Child #8: PARAGRAPH #8
[DEBUG] Child #9: PARAGRAPH #9
[DEBUG] Child #10: PARAGRAPH #10
[DEBUG] Child #11: PARAGRAPH #11
[DEBUG] Child #12: PARAGRAPH #12
[DEBUG] Child #13: PARAGRAPH #13
[DEBUG] Child #14: PARAGRAPH #14
[DEBUG] Child #15: PARAGRAPH #15
[DEBUG] Child #16: PARAGRAPH #16
[DEBUG] Child #17: PARAGRAPH #17
[DEBUG] Child #18: PARAGRAPH #18
[DEBUG] Child #19: PARAGRAPH #19
[DEBUG] Child #20: PARAGRAPH #20
[DEBUG] Child #21: PARAGRAPH #21
[DEBUG] Child #22: PARAGRAPH #22
[DEBUG] Child #23: PARAGRAPH #23
[DEBUG] Child #24: PARAGRAPH #24
[DEBUG] Child #25: PARAGRAPH #25
[DEBUG] Child #26: PARAGRAPH #26
[DEBUG] Child #27: PARAGRAPH #27
[DEBUG] Child #28: PARAGRAPH #28
[DEBUG] Child #29: PARAGRAPH #29
[DEBUG] Child #30: PARAGRAPH #30
[DEBUG] Child #31: PARAGRAPH #31
[DEBUG] Child #32: PARAGRAPH #32
[DEBUG] Child #33: PARAGRAPH #33
[DEBUG] Child #34: PARAGRAPH #34
[DEBUG] Child #35: PARAGRAPH #35
[DEBUG] Child #36: PARAGRAPH #36
[DEBUG] Child #37: PARAGRAPH #37
[DEBUG] Child #38: PARAGRAPH #38
[DEBUG] Child #39: PARAGRAPH #39
[DEBUG] Child #40: PARAGRAPH #40
[DEBUG] Child #41: PARAGRAPH #41
[DEBUG] Child #42: PARAGRAPH #42
[DEBUG] Child #43: PARAGRAPH #43
[DEBUG] Child #44: PARAGRAPH #44
[DEBUG] Child #45: PARAGRAPH #45
[DEBUG] Child #46: PARAGRAPH #46
[DEBUG] Child #47: PARAGRAPH #47
[DEBUG] Child #48: UNKNOWN TYPE (type: CT_SectPr, isinstance CT_Tbl: False, isinstance CT_P: False)
[DEBUG] Total children: 48 (tables: 0, paras: 47)
[HTML Preview] Block 0: CỘNG HÒA XÃ HỘI CHỦ NGHĨA VIỆT NAM...
[DEBUG] Paragraph #1 has 1 drawing(s)
[HTML Preview] Block 1: Độc lập - Tự do - Hạnh phúc...
[HTML Preview] Block 2: «tu_do_hanh_phuc», ngày  tháng «ngay_thang» năm«nam»...
[HTML Preview] Block 3: EMPTY LINE (selectable)
[HTML Preview] Block 4: ĐƠN XIN LY HÔN...
[HTML Preview] Block 5: EMPTY LINE (selectable)
[HTML Preview] Block 6: Kính gửi:  TÒA ÁN NHÂN DÂN «toa_an_nhan_dan»...
[HTML Preview] Block 7: Người khởi kiện:«nguoi_khoi_kien»...
[HTML Preview] Block 8: Địa chỉ:«dia_chi»...
[HTML Preview] Block 9: Số điện thoại: «so_dien_thoai»(nếu có); số fax: «so_fax»(nếu...
[HTML Preview] Block 10: Địa chỉ thư điện tử: 22 (nếu có)...
[HTML Preview] Block 11: Người bị kiện:«nguoi_bi_kien»...
[HTML Preview] Block 12: Địa chỉ:«dia_chi_2»...
[HTML Preview] Block 13: Số điện thoại: «so_dien_thoai_2»(nếu có); số fax: «so_fax_2»...
[HTML Preview] Block 14: Địa chỉ thư điện tử: «chi_thu_dien_tu» (nếu có)...
[HTML Preview] Block 15: Tôi xin yêu cầu Toà án nhân dân«toa_an_nhan_dan_2» giải quyế...
[HTML Preview] Block 16: 1. Về quan hệ hôn nhân (1):...
[HTML Preview] Block 17: «quan_he_hon_nhan»...
[HTML Preview] Block 18: Nay tôi có nguyện vọng được ly hôn với «duoc_ly_hon_voi»...
[HTML Preview] Block 19: 2. Về con chung (2):...
[HTML Preview] Block 20: - «2_ve_con_chung»...
[HTML Preview] Block 21: - «2_ve_con_chung_2»...
[HTML Preview] Block 22: 3. Về tài sản (3):...
[HTML Preview] Block 23: - «3_ve_tai_san»...
[HTML Preview] Block 24: - «3_ve_tai_san_2»...
[HTML Preview] Block 25: 4. Về nợ chung (4):...
[HTML Preview] Block 26: - «4_ve_no_chung»...
[HTML Preview] Block 27: - «4_ve_no_chung_2»...
[HTML Preview] Block 28: 5. Các yêu cầu khác (nếu có) (5):...
[HTML Preview] Block 29: - «cac_yeu_cau_khac»...
[HTML Preview] Block 30: - «cac_yeu_cau_khac_2»...
[HTML Preview] Block 31: Kính mong quý Tòa xem xét giải quyết trong thời hạn luật địn...
[HTML Preview] Block 32: Tôi xin trân trọng cảm ơn !...
[HTML Preview] Block 33: EMPTY LINE (selectable)
[DEBUG] Paragraph #34 has 1 drawing(s)
[DEBUG] Extracted image: image/png, 63071 bytes
[DEBUG] Found image in drawing element
[HTML Preview] Block 34: IMAGE ONLY (no text)
[HTML Preview] Block 35: Người khởi kiện...
[HTML Preview] Block 36: EMPTY LINE (selectable)
[HTML Preview] Block 37: EMPTY LINE (selectable)
[HTML Preview] Block 38: EMPTY LINE (selectable)
[HTML Preview] Block 39: Hướng dẫn viết đơn:...
[HTML Preview] Block 40: Về phần thông tin chung: Ghi chính xác thông tin của 02 vợ c...
[HTML Preview] Block 41: (1) Ghi chính xác thời điểm đăng ký kết hôn theo Giấy Đăng k...
[HTML Preview] Block 42: (2) Ghi chính xác thông tin các con và nêu rõ nguyện vọng nu...
[HTML Preview] Block 43: (3) Ghi chính xác thông tin tài sản yêu cầu Tòa án phân chia...
[HTML Preview] Block 44: (4) Liệt kê các khoản nợ, thời gian nợ, thời gian trả để Tòa...
[HTML Preview] Block 45: (5) Có thể ghi thêm các yêu cầu khác nếu có, ví dụ: cấp dưỡn...
[HTML Preview] Block 46: (Mẫu đơn này chỉ mang tính chất tham khảo)...
=== TOTAL BLOCKS IN HTML PREVIEW: 47 ===
=== HTML PREVIEW DEBUG ===
Fields detected: ['tu_do_hanh_phuc', 'ngay_thang', 'nam', 'toa_an_nhan_dan', 'nguoi_khoi_kien', 'dia_chi', 'so_dien_thoai', 'so_fax', 'nguoi_bi_kien', 'dia_chi_2', 'so_dien_thoai_2', 'so_fax_2', 'chi_thu_dien_tu', 'toa_an_nhan_dan_2', 'quan_he_hon_nhan', 'duoc_ly_hon_voi', '2_ve_con_chung', '2_ve_con_chung_2', '3_ve_tai_san', '3_ve_tai_san_2', '4_ve_no_chung', '4_ve_no_chung_2', 'cac_yeu_cau_khac', 'cac_yeu_cau_khac_2', 'cap_duong_nuoi_con']
HTML preview length: 106522
Contains mail-merge-placeholder: True
=== END DEBUG ===
INFO:     127.0.0.1:17190 - "POST /convert HTTP/1.1" 200 OK
INFO:     127.0.0.1:44815 - "GET /health HTTP/1.1" 200 OK
